Workbook

Sheet table (2)
B2: Макро эдийн засгийн нөхцөл байдал - 25M7
M3: 21Q4 | N3: 22Q4 | O3: 23Q4 | P3: 24Q4 | Q3: 25Q1 | R3: 25Q2 | S3: 25Q3
D4: 21Y | E4: 22Y | F4: 23Y | G4: 24Y | H4: 25Q1 | I4: 25Q2 | J4: 25Q3 | M4: 21M12 | N4: 22M12 | O4: 23M12 | P4: 24M12 | Q4: 25M03 | R4: 25M06 | S4: 25M09 | U4: 25M03 | V4: 25M06 | W4: 25M07
B6: Инфляци | C6: %, жилийн (YoY) | D6: =M6 -> 13.826662 | E6: =N6 -> 13.243298 | F6: =O6 -> 7.9239441 | G6: =P6 -> 8.3598213 | H6: =Q6 -> 9.1020943 | I6: =R6 -> 8.186335 | J6: =S6 -> 9.0299817 | L6: cpi_yoy | M6: =INDEX(m!$B$2:$AX$50,MATCH('table (2)'!$L6,m!$A$2:$A$50,0),MATCH('table (2)'!M$4,m!$B$1:$AX$1,0)) -> 13.826662 | N6: =INDEX(m!$B$2:$AX$50,MATCH('table (2)'!$L6,m!$A$2:$A$50,0),MATCH('table (2)'!N$4,m!$B$1:$AX$1,0)) -> 13.243298 | O6: =INDEX(m!$B$2:$AX$50,MATCH('table (2)'!$L6,m!$A$2:$A$50,0),MATCH('table (2)'!O$4,m!$B$1:$AX$1,0)) -> 7.9239441 | P6: =INDEX(m!$B$2:$AX$50,MATCH('table (2)'!$L6,m!$A$2:$A$50,0),MATCH('table (2)'!P$4,m!$B$1:$AX$1,0)) -> 8.3598213 | Q6: =INDEX(m!$B$2:$AX$50,MATCH('table (2)'!$L6,m!$A$2:$A$50,0),MATCH('table (2)'!Q$4,m!$B$1:$AX$1,0)) -> 9.1020943 | R6: =INDEX(m!$B$2:$AX$50,MATCH('table (2)'!$L6,m!$A$2:$A$50,0),MATCH('table (2)'!R$4,m!$B$1:$AX$1,0)) -> 8.186335 | S6: =INDEX(m!$B$2:$AZ$50,MATCH('table (2)'!$L6,m!$A$2:$A$50,0),MATCH('table (2)'!S$4,m!$B$1:$AZ$1,0)) -> 9.0299817 | U6: 9.1020943 | V6: 8.186335 | W6: 8.0997478
C7: %, улирлын (QoQ) | I7: =R7 -> 3.1141627 | J7: =S7 -> 7.0592549 | L7: cpi_qoq | M7: =INDEX(m!$B$2:$AX$50,MATCH('table (2)'!$L7,m!$A$2:$A$50,0),MATCH('table (2)'!M$4,m!$B$1:$AX$1,0)) -> 15.683225 | N7: =INDEX(m!$B$2:$AX$50,MATCH('table (2)'!$L7,m!$A$2:$A$50,0),MATCH('table (2)'!N$4,m!$B$1:$AX$1,0)) -> 13.55178 | O7: =INDEX(m!$B$2:$AX$50,MATCH('table (2)'!$L7,m!$A$2:$A$50,0),MATCH('table (2)'!O$4,m!$B$1:$AX$1,0)) -> 5.5238011 | P7: =INDEX(m!$B$2:$AX$50,MATCH('table (2)'!$L7,m!$A$2:$A$50,0),MATCH('table (2)'!P$4,m!$B$1:$AX$1,0)) -> 13.263454 | Q7: =INDEX(m!$B$2:$AX$50,MATCH('table (2)'!$L7,m!$A$2:$A$50,0),MATCH('table (2)'!Q$4,m!$B$1:$AX$1,0)) -> 11.59796 | R7: =INDEX(m!$B$2:$AX$50,MATCH('table (2)'!$L7,m!$A$2:$A$50,0),MATCH('table (2)'!R$4,m!$B$1:$AX$1,0)) -> 3.1141627 | S7: =INDEX(m!$B$2:$AZ$50,MATCH('table (2)'!$L7,m!$A$2:$A$50,0),MATCH('table (2)'!S$4,m!$B$1:$AZ$1,0)) -> 7.0592549 | U7: 2.8994899 | V7: 0.77854068 | W7: 0.39314573
C8: %, улирлын (QoQ) | H8: =Q8 -> 11.59796 | I8: =R8 -> 3.1141627 | J8: =S8 -> 7.0592549 | L8: cpi_qoq | M8: =INDEX(m!$B$2:$AX$50,MATCH('table (2)'!$L8,m!$A$2:$A$50,0),MATCH('table (2)'!M$4,m!$B$1:$AX$1,0)) -> 15.683225 | N8: =INDEX(m!$B$2:$AX$50,MATCH('table (2)'!$L8,m!$A$2:$A$50,0),MATCH('table (2)'!N$4,m!$B$1:$AX$1,0)) -> 13.55178 | O8: =INDEX(m!$B$2:$AX$50,MATCH('table (2)'!$L8,m!$A$2:$A$50,0),MATCH('table (2)'!O$4,m!$B$1:$AX$1,0)) -> 5.5238011 | P8: =INDEX(m!$B$2:$AX$50,MATCH('table (2)'!$L8,m!$A$2:$A$50,0),MATCH('table (2)'!P$4,m!$B$1:$AX$1,0)) -> 13.263454 | Q8: =INDEX(m!$B$2:$AX$50,MATCH('table (2)'!$L8,m!$A$2:$A$50,0),MATCH('table (2)'!Q$4,m!$B$1:$AX$1,0)) -> 11.59796 | R8: =INDEX(m!$B$2:$AX$50,MATCH('table (2)'!$L8,m!$A$2:$A$50,0),MATCH('table (2)'!R$4,m!$B$1:$AX$1,0)) -> 3.1141627 | S8: =INDEX(m!$B$2:$AZ$50,MATCH('table (2)'!$L8,m!$A$2:$A$50,0),MATCH('table (2)'!S$4,m!$B$1:$AZ$1,0)) -> 7.0592549 | U8: 0.34988316 | V8: 0.23000865 | W8: -0.050507483
B9: Ам.доллар | D9: =M9 -> 2849.34 | E9: =N9 -> 3444.6 | F9: =O9 -> 3410.69 | G9: =P9 -> 3420.46 | H9: =Q9 -> 3487.61 | I9: =R9 -> 3580.94 | J9: =S9 -> 3594.64 | L9: usd_mnt | M9: =INDEX(m!$B$2:$AX$50,MATCH('table (2)'!$L9,m!$A$2:$A$50,0),MATCH('table (2)'!M$4,m!$B$1:$AX$1,0)) -> 2849.34 | N9: =INDEX(m!$B$2:$AX$50,MATCH('table (2)'!$L9,m!$A$2:$A$50,0),MATCH('table (2)'!N$4,m!$B$1:$AX$1,0)) -> 3444.6 | O9: =INDEX(m!$B$2:$AX$50,MATCH('table (2)'!$L9,m!$A$2:$A$50,0),MATCH('table (2)'!O$4,m!$B$1:$AX$1,0)) -> 3410.69 | P9: =INDEX(m!$B$2:$AX$50,MATCH('table (2)'!$L9,m!$A$2:$A$50,0),MATCH('table (2)'!P$4,m!$B$1:$AX$1,0)) -> 3420.46 | Q9: =INDEX(m!$B$2:$AX$50,MATCH('table (2)'!$L9,m!$A$2:$A$50,0),MATCH('table (2)'!Q$4,m!$B$1:$AX$1,0)) -> 3487.61 | R9: =INDEX(m!$B$2:$AX$50,MATCH('table (2)'!$L9,m!$A$2:$A$50,0),MATCH('table (2)'!R$4,m!$B$1:$AX$1,0)) -> 3580.94 | S9: =INDEX(m!$B$2:$AZ$50,MATCH('table (2)'!$L9,m!$A$2:$A$50,0),MATCH('table (2)'!S$4,m!$B$1:$AZ$1,0)) -> 3594.64 | U9: 3487.61 | V9: 3580.94 | W9: 3587.49
C10: %, жилийн (YoY) | D10: =M10 -> -0.01929899 | E10: =N10 -> 20.891154 | F10: =O10 -> -0.98443941 | G10: =P10 -> 0.2864523 | H10: =Q10 -> 3.3062894 | I10: =R10 -> 5.9120687 | J10: =S10 -> 6.3210418 | L10: usd_mnt_yoy | M10: =INDEX(m!$B$2:$AX$50,MATCH('table (2)'!$L10,m!$A$2:$A$50,0),MATCH('table (2)'!M$4,m!$B$1:$AX$1,0)) -> -0.01929899 | N10: =INDEX(m!$B$2:$AX$50,MATCH('table (2)'!$L10,m!$A$2:$A$50,0),MATCH('table (2)'!N$4,m!$B$1:$AX$1,0)) -> 20.891154 | O10: =INDEX(m!$B$2:$AX$50,MATCH('table (2)'!$L10,m!$A$2:$A$50,0),MATCH('table (2)'!O$4,m!$B$1:$AX$1,0)) -> -0.98443941 | P10: =INDEX(m!$B$2:$AX$50,MATCH('table (2)'!$L10,m!$A$2:$A$50,0),MATCH('table (2)'!P$4,m!$B$1:$AX$1,0)) -> 0.2864523 | Q10: =INDEX(m!$B$2:$AX$50,MATCH('table (2)'!$L10,m!$A$2:$A$50,0),MATCH('table (2)'!Q$4,m!$B$1:$AX$1,0)) -> 3.3062894 | R10: =INDEX(m!$B$2:$AX$50,MATCH('table (2)'!$L10,m!$A$2:$A$50,0),MATCH('table (2)'!R$4,m!$B$1:$AX$1,0)) -> 5.9120687 | S10: =INDEX(m!$B$2:$AZ$50,MATCH('table (2)'!$L10,m!$A$2:$A$50,0),MATCH('table (2)'!S$4,m!$B$1:$AZ$1,0)) -> 6.3210418 | U10: 3.3062894 | V10: 5.9120687 | W10: 6.1133279
C11: %, улирлын (QoQ) | I11: =R11 -> 10.704179 | J11: =S11 -> 1.5303244 | L11: usd_mnt_qoq | M11: =INDEX(m!$B$2:$AX$50,MATCH('table (2)'!$L11,m!$A$2:$A$50,0),MATCH('table (2)'!M$4,m!$B$1:$AX$1,0)) -> 0.01965464 | N11: =INDEX(m!$B$2:$AX$50,MATCH('table (2)'!$L11,m!$A$2:$A$50,0),MATCH('table (2)'!N$4,m!$B$1:$AX$1,0)) -> 13.390859 | O11: =INDEX(m!$B$2:$AX$50,MATCH('table (2)'!$L11,m!$A$2:$A$50,0),MATCH('table (2)'!O$4,m!$B$1:$AX$1,0)) -> -5.6435901 | P11: =INDEX(m!$B$2:$AX$50,MATCH('table (2)'!$L11,m!$A$2:$A$50,0),MATCH('table (2)'!P$4,m!$B$1:$AX$1,0)) -> 4.6768197 | Q11: =INDEX(m!$B$2:$AX$50,MATCH('table (2)'!$L11,m!$A$2:$A$50,0),MATCH('table (2)'!Q$4,m!$B$1:$AX$1,0)) -> 7.852745 | R11: =INDEX(m!$B$2:$AX$50,MATCH('table (2)'!$L11,m!$A$2:$A$50,0),MATCH('table (2)'!R$4,m!$B$1:$AX$1,0)) -> 10.704179 | S11: =INDEX(m!$B$2:$AZ$50,MATCH('table (2)'!$L11,m!$A$2:$A$50,0),MATCH('table (2)'!S$4,m!$B$1:$AZ$1,0)) -> 1.5303244 | U11: 1.9631862 | V11: 2.6760446 | W11: 0.46683955
C12: %, улирлын (QoQ) | H12: =Q12 -> 7.852745 | I12: =R12 -> 10.704179 | J12: =S12 -> 1.5303244 | L12: usd_mnt_qoq | M12: =INDEX(m!$B$2:$AX$50,MATCH('table (2)'!$L12,m!$A$2:$A$50,0),MATCH('table (2)'!M$4,m!$B$1:$AX$1,0)) -> 0.01965464 | N12: =INDEX(m!$B$2:$AX$50,MATCH('table (2)'!$L12,m!$A$2:$A$50,0),MATCH('table (2)'!N$4,m!$B$1:$AX$1,0)) -> 13.390859 | O12: =INDEX(m!$B$2:$AX$50,MATCH('table (2)'!$L12,m!$A$2:$A$50,0),MATCH('table (2)'!O$4,m!$B$1:$AX$1,0)) -> -5.6435901 | P12: =INDEX(m!$B$2:$AX$50,MATCH('table (2)'!$L12,m!$A$2:$A$50,0),MATCH('table (2)'!P$4,m!$B$1:$AX$1,0)) -> 4.6768197 | Q12: =INDEX(m!$B$2:$AX$50,MATCH('table (2)'!$L12,m!$A$2:$A$50,0),MATCH('table (2)'!Q$4,m!$B$1:$AX$1,0)) -> 7.852745 | R12: =INDEX(m!$B$2:$AX$50,MATCH('table (2)'!$L12,m!$A$2:$A$50,0),MATCH('table (2)'!R$4,m!$B$1:$AX$1,0)) -> 10.704179 | S12: =INDEX(m!$B$2:$AZ$50,MATCH('table (2)'!$L12,m!$A$2:$A$50,0),MATCH('table (2)'!S$4,m!$B$1:$AZ$1,0)) -> 1.5303244 | U12: 0.60723022 | V12: 0.19558192 | W12: 0.18291287
B13: Хятадын юань | D13: =M13 -> 446.96 | E13: =N13 -> 495.4 | F13: =O13 -> 480.01 | G13: =P13 -> 468.6 | H13: =Q13 -> 480.91 | I13: =R13 -> 499.76 | J13: =S13 -> 505.01 | L13: cny_mnt | M13: =INDEX(m!$B$2:$AX$50,MATCH('table (2)'!$L13,m!$A$2:$A$50,0),MATCH('table (2)'!M$4,m!$B$1:$AX$1,0)) -> 446.96 | N13: =INDEX(m!$B$2:$AX$50,MATCH('table (2)'!$L13,m!$A$2:$A$50,0),MATCH('table (2)'!N$4,m!$B$1:$AX$1,0)) -> 495.4 | O13: =INDEX(m!$B$2:$AX$50,MATCH('table (2)'!$L13,m!$A$2:$A$50,0),MATCH('table (2)'!O$4,m!$B$1:$AX$1,0)) -> 480.01 | P13: =INDEX(m!$B$2:$AX$50,MATCH('table (2)'!$L13,m!$A$2:$A$50,0),MATCH('table (2)'!P$4,m!$B$1:$AX$1,0)) -> 468.6 | Q13: =INDEX(m!$B$2:$AX$50,MATCH('table (2)'!$L13,m!$A$2:$A$50,0),MATCH('table (2)'!Q$4,m!$B$1:$AX$1,0)) -> 480.91 | R13: =INDEX(m!$B$2:$AX$50,MATCH('table (2)'!$L13,m!$A$2:$A$50,0),MATCH('table (2)'!R$4,m!$B$1:$AX$1,0)) -> 499.76 | S13: =INDEX(m!$B$2:$AZ$50,MATCH('table (2)'!$L13,m!$A$2:$A$50,0),MATCH('table (2)'!S$4,m!$B$1:$AZ$1,0)) -> 505.01 | U13: 480.91 | V13: 499.76 | W13: 498.81
C14: %, жилийн (YoY) | D14: =M14 -> 2.4597116 | E14: =N14 -> 10.837659 | F14: =O14 -> -3.1065805 | G14: =P14 -> -2.3770338 | H14: =Q14 -> 2.9102737 | I14: =R14 -> 7.4429204 | J14: =S14 -> 4.7521261 | L14: cny_mnt_yoy | M14: =INDEX(m!$B$2:$AX$50,MATCH('table (2)'!$L14,m!$A$2:$A$50,0),MATCH('table (2)'!M$4,m!$B$1:$AX$1,0)) -> 2.4597116 | N14: =INDEX(m!$B$2:$AX$50,MATCH('table (2)'!$L14,m!$A$2:$A$50,0),MATCH('table (2)'!N$4,m!$B$1:$AX$1,0)) -> 10.837659 | O14: =INDEX(m!$B$2:$AX$50,MATCH('table (2)'!$L14,m!$A$2:$A$50,0),MATCH('table (2)'!O$4,m!$B$1:$AX$1,0)) -> -3.1065805 | P14: =INDEX(m!$B$2:$AX$50,MATCH('table (2)'!$L14,m!$A$2:$A$50,0),MATCH('table (2)'!P$4,m!$B$1:$AX$1,0)) -> -2.3770338 | Q14: =INDEX(m!$B$2:$AX$50,MATCH('table (2)'!$L14,m!$A$2:$A$50,0),MATCH('table (2)'!Q$4,m!$B$1:$AX$1,0)) -> 2.9102737 | R14: =INDEX(m!$B$2:$AX$50,MATCH('table (2)'!$L14,m!$A$2:$A$50,0),MATCH('table (2)'!R$4,m!$B$1:$AX$1,0)) -> 7.4429204 | S14: =INDEX(m!$B$2:$AZ$50,MATCH('table (2)'!$L14,m!$A$2:$A$50,0),MATCH('table (2)'!S$4,m!$B$1:$AZ$1,0)) -> 4.7521261 | U14: 2.9102737 | V14: 7.4429204 | W14: 6.5537351
C15: %, улирлын (QoQ) | I15: =R15 -> 15.678609 | J15: =S15 -> 4.202017 | L15: cny_mnt_qoq | M15: =INDEX(m!$B$2:$AX$50,MATCH('table (2)'!$L15,m!$A$2:$A$50,0),MATCH('table (2)'!M$4,m!$B$1:$AX$1,0)) -> 5.5898367 | N15: =INDEX(m!$B$2:$AX$50,MATCH('table (2)'!$L15,m!$A$2:$A$50,0),MATCH('table (2)'!N$4,m!$B$1:$AX$1,0)) -> 28.40774 | O15: =INDEX(m!$B$2:$AX$50,MATCH('table (2)'!$L15,m!$A$2:$A$50,0),MATCH('table (2)'!O$4,m!$B$1:$AX$1,0)) -> 5.2341656 | P15: =INDEX(m!$B$2:$AX$50,MATCH('table (2)'!$L15,m!$A$2:$A$50,0),MATCH('table (2)'!P$4,m!$B$1:$AX$1,0)) -> -11.200996 | Q15: =INDEX(m!$B$2:$AX$50,MATCH('table (2)'!$L15,m!$A$2:$A$50,0),MATCH('table (2)'!Q$4,m!$B$1:$AX$1,0)) -> 10.507896 | R15: =INDEX(m!$B$2:$AX$50,MATCH('table (2)'!$L15,m!$A$2:$A$50,0),MATCH('table (2)'!R$4,m!$B$1:$AX$1,0)) -> 15.678609 | S15: =INDEX(m!$B$2:$AZ$50,MATCH('table (2)'!$L15,m!$A$2:$A$50,0),MATCH('table (2)'!S$4,m!$B$1:$AZ$1,0)) -> 4.202017 | U15: 2.626974 | V15: 3.9196523 | W15: 1.4707677
C16: %, улирлын (QoQ) | H16: =Q16 -> 10.507896 | I16: =R16 -> 15.678609 | J16: =S16 -> 4.202017 | L16: cny_mnt_qoq | M16: =INDEX(m!$B$2:$AX$50,MATCH('table (2)'!$L16,m!$A$2:$A$50,0),MATCH('table (2)'!M$4,m!$B$1:$AX$1,0)) -> 5.5898367 | N16: =INDEX(m!$B$2:$AX$50,MATCH('table (2)'!$L16,m!$A$2:$A$50,0),MATCH('table (2)'!N$4,m!$B$1:$AX$1,0)) -> 28.40774 | O16: =INDEX(m!$B$2:$AX$50,MATCH('table (2)'!$L16,m!$A$2:$A$50,0),MATCH('table (2)'!O$4,m!$B$1:$AX$1,0)) -> 5.2341656 | P16: =INDEX(m!$B$2:$AX$50,MATCH('table (2)'!$L16,m!$A$2:$A$50,0),MATCH('table (2)'!P$4,m!$B$1:$AX$1,0)) -> -11.200996 | Q16: =INDEX(m!$B$2:$AX$50,MATCH('table (2)'!$L16,m!$A$2:$A$50,0),MATCH('table (2)'!Q$4,m!$B$1:$AX$1,0)) -> 10.507896 | R16: =INDEX(m!$B$2:$AX$50,MATCH('table (2)'!$L16,m!$A$2:$A$50,0),MATCH('table (2)'!R$4,m!$B$1:$AX$1,0)) -> 15.678609 | S16: =INDEX(m!$B$2:$AZ$50,MATCH('table (2)'!$L16,m!$A$2:$A$50,0),MATCH('table (2)'!S$4,m!$B$1:$AZ$1,0)) -> 4.202017 | U16: 1.0527422 | V16: 0.62822165 | W16: -0.19009124
B17: Бодлогын хүү | C17: %, жилийн | D17: =M17 -> 6 | E17: =N17 -> 13 | F17: =O17 -> 13 | G17: =P17 -> 10 | H17: =Q17 -> 11.715064 | I17: =R17 -> 12 | J17: =S17 -> 12 | L17: rate_pol | M17: =INDEX(m!$B$2:$AX$50,MATCH('table (2)'!$L17,m!$A$2:$A$50,0),MATCH('table (2)'!M$4,m!$B$1:$AX$1,0)) -> 6 | N17: =INDEX(m!$B$2:$AX$50,MATCH('table (2)'!$L17,m!$A$2:$A$50,0),MATCH('table (2)'!N$4,m!$B$1:$AX$1,0)) -> 13 | O17: =INDEX(m!$B$2:$AX$50,MATCH('table (2)'!$L17,m!$A$2:$A$50,0),MATCH('table (2)'!O$4,m!$B$1:$AX$1,0)) -> 13 | P17: =INDEX(m!$B$2:$AX$50,MATCH('table (2)'!$L17,m!$A$2:$A$50,0),MATCH('table (2)'!P$4,m!$B$1:$AX$1,0)) -> 10 | Q17: =INDEX(m!$B$2:$AX$50,MATCH('table (2)'!$L17,m!$A$2:$A$50,0),MATCH('table (2)'!Q$4,m!$B$1:$AX$1,0)) -> 11.715064 | R17: =INDEX(m!$B$2:$AX$50,MATCH('table (2)'!$L17,m!$A$2:$A$50,0),MATCH('table (2)'!R$4,m!$B$1:$AX$1,0)) -> 12 | S17: =INDEX(m!$B$2:$AZ$50,MATCH('table (2)'!$L17,m!$A$2:$A$50,0),MATCH('table (2)'!S$4,m!$B$1:$AZ$1,0)) -> 12 | U17: 11.715064 | V17: 12 | W17: 12
B18: Хадгаламжийн хүү | C18: %, шинэ, хуг-тай, банк | D18: =M18 -> 6.2153547 | E18: =N18 -> 11.083484 | F18: =O18 -> 11.789334 | G18: =P18 -> 12.1318 | H18: =Q18 -> 11.79411 | I18: =R18 -> 12.154919 | J18: =S18 -> 12.205959 | L18: rate_timedepo_mnt_new | M18: =INDEX(m!$B$2:$AX$50,MATCH('table (2)'!$L18,m!$A$2:$A$50,0),MATCH('table (2)'!M$4,m!$B$1:$AX$1,0)) -> 6.2153547 | N18: =INDEX(m!$B$2:$AX$50,MATCH('table (2)'!$L18,m!$A$2:$A$50,0),MATCH('table (2)'!N$4,m!$B$1:$AX$1,0)) -> 11.083484 | O18: =INDEX(m!$B$2:$AX$50,MATCH('table (2)'!$L18,m!$A$2:$A$50,0),MATCH('table (2)'!O$4,m!$B$1:$AX$1,0)) -> 11.789334 | P18: =INDEX(m!$B$2:$AX$50,MATCH('table (2)'!$L18,m!$A$2:$A$50,0),MATCH('table (2)'!P$4,m!$B$1:$AX$1,0)) -> 12.1318 | Q18: =INDEX(m!$B$2:$AX$50,MATCH('table (2)'!$L18,m!$A$2:$A$50,0),MATCH('table (2)'!Q$4,m!$B$1:$AX$1,0)) -> 11.79411 | R18: =INDEX(m!$B$2:$AX$50,MATCH('table (2)'!$L18,m!$A$2:$A$50,0),MATCH('table (2)'!R$4,m!$B$1:$AX$1,0)) -> 12.154919 | S18: =INDEX(m!$B$2:$AZ$50,MATCH('table (2)'!$L18,m!$A$2:$A$50,0),MATCH('table (2)'!S$4,m!$B$1:$AZ$1,0)) -> 12.205959 | U18: 16.953088 | V18: 17.27256 | W18: 17.09868
B19: Зээлийн хүү | C19: %, шинэ, банк | D19: =M19 -> 14.286499 | E19: =N19 -> 15.715657 | F19: =O19 -> 16.738576 | G19: =P19 -> 16.912679 | H19: =Q19 -> 16.953088 | I19: =R19 -> 17.27256 | J19: =S19 -> 17.260008 | L19: rate_loan_mnt_new | M19: =INDEX(m!$B$2:$AX$50,MATCH('table (2)'!$L19,m!$A$2:$A$50,0),MATCH('table (2)'!M$4,m!$B$1:$AX$1,0)) -> 14.286499 | N19: =INDEX(m!$B$2:$AX$50,MATCH('table (2)'!$L19,m!$A$2:$A$50,0),MATCH('table (2)'!N$4,m!$B$1:$AX$1,0)) -> 15.715657 | O19: =INDEX(m!$B$2:$AX$50,MATCH('table (2)'!$L19,m!$A$2:$A$50,0),MATCH('table (2)'!O$4,m!$B$1:$AX$1,0)) -> 16.738576 | P19: =INDEX(m!$B$2:$AX$50,MATCH('table (2)'!$L19,m!$A$2:$A$50,0),MATCH('table (2)'!P$4,m!$B$1:$AX$1,0)) -> 16.912679 | Q19: =INDEX(m!$B$2:$AX$50,MATCH('table (2)'!$L19,m!$A$2:$A$50,0),MATCH('table (2)'!Q$4,m!$B$1:$AX$1,0)) -> 16.953088 | R19: =INDEX(m!$B$2:$AX$50,MATCH('table (2)'!$L19,m!$A$2:$A$50,0),MATCH('table (2)'!R$4,m!$B$1:$AX$1,0)) -> 17.27256 | S19: =INDEX(m!$B$2:$AZ$50,MATCH('table (2)'!$L19,m!$A$2:$A$50,0),MATCH('table (2)'!S$4,m!$B$1:$AZ$1,0)) -> 17.260008 | U19: 11.79411 | V19: 12.154919 | W19: 11.664904
B20: Мөнгөний нийлүүлэлт | C20: %, жилийн (YoY) | D20: =M20 -> 13.817915 | E20: =N20 -> 6.4648482 | F20: =O20 -> 26.830692 | G20: =P20 -> 15.176127 | H20: =Q20 -> 10.917553 | I20: =R20 -> 3.694507 | J20: =S20 -> 5.5599996 | L20: ms_m2_yoy | M20: =INDEX(m!$B$2:$AX$50,MATCH('table (2)'!$L20,m!$A$2:$A$50,0),MATCH('table (2)'!M$4,m!$B$1:$AX$1,0)) -> 13.817915 | N20: =INDEX(m!$B$2:$AX$50,MATCH('table (2)'!$L20,m!$A$2:$A$50,0),MATCH('table (2)'!N$4,m!$B$1:$AX$1,0)) -> 6.4648482 | O20: =INDEX(m!$B$2:$AX$50,MATCH('table (2)'!$L20,m!$A$2:$A$50,0),MATCH('table (2)'!O$4,m!$B$1:$AX$1,0)) -> 26.830692 | P20: =INDEX(m!$B$2:$AX$50,MATCH('table (2)'!$L20,m!$A$2:$A$50,0),MATCH('table (2)'!P$4,m!$B$1:$AX$1,0)) -> 15.176127 | Q20: =INDEX(m!$B$2:$AX$50,MATCH('table (2)'!$L20,m!$A$2:$A$50,0),MATCH('table (2)'!Q$4,m!$B$1:$AX$1,0)) -> 10.917553 | R20: =INDEX(m!$B$2:$AX$50,MATCH('table (2)'!$L20,m!$A$2:$A$50,0),MATCH('table (2)'!R$4,m!$B$1:$AX$1,0)) -> 3.694507 | S20: =INDEX(m!$B$2:$AZ$50,MATCH('table (2)'!$L20,m!$A$2:$A$50,0),MATCH('table (2)'!S$4,m!$B$1:$AZ$1,0)) -> 5.5599996 | U20: 10.917553 | V20: 3.694507 | W20: 3.1831038
C21: %, улирлын (QoQ) | I21: =R21 -> 14.61722 | J21: =S21 -> 10.489942 | L21: ms_m2_qoq | M21: =INDEX(m!$B$2:$AX$50,MATCH('table (2)'!$L21,m!$A$2:$A$50,0),MATCH('table (2)'!M$4,m!$B$1:$AX$1,0)) -> 8.8922852 | N21: =INDEX(m!$B$2:$AX$50,MATCH('table (2)'!$L21,m!$A$2:$A$50,0),MATCH('table (2)'!N$4,m!$B$1:$AX$1,0)) -> 32.068315 | O21: =INDEX(m!$B$2:$AX$50,MATCH('table (2)'!$L21,m!$A$2:$A$50,0),MATCH('table (2)'!O$4,m!$B$1:$AX$1,0)) -> 53.155141 | P21: =INDEX(m!$B$2:$AX$50,MATCH('table (2)'!$L21,m!$A$2:$A$50,0),MATCH('table (2)'!P$4,m!$B$1:$AX$1,0)) -> 14.651926 | Q21: =INDEX(m!$B$2:$AX$50,MATCH('table (2)'!$L21,m!$A$2:$A$50,0),MATCH('table (2)'!Q$4,m!$B$1:$AX$1,0)) -> -17.081982 | R21: =INDEX(m!$B$2:$AX$50,MATCH('table (2)'!$L21,m!$A$2:$A$50,0),MATCH('table (2)'!R$4,m!$B$1:$AX$1,0)) -> 14.61722 | S21: =INDEX(m!$B$2:$AZ$50,MATCH('table (2)'!$L21,m!$A$2:$A$50,0),MATCH('table (2)'!S$4,m!$B$1:$AZ$1,0)) -> 10.489942 | U21: -4.2704954 | V21: 3.6543051 | W21: 3.7934651
C22: %, сарын (MoM) | H22: =Q22 -> -0.84348043 | I22: =R22 -> 3.4888374 | J22: =S22 -> -0.35854949 | L22: ms_m2_mom | M22: =INDEX(m!$B$2:$AX$50,MATCH('table (2)'!$L22,m!$A$2:$A$50,0),MATCH('table (2)'!M$4,m!$B$1:$AX$1,0)) -> 2.2465119 | N22: =INDEX(m!$B$2:$AX$50,MATCH('table (2)'!$L22,m!$A$2:$A$50,0),MATCH('table (2)'!N$4,m!$B$1:$AX$1,0)) -> 8.4947561 | O22: =INDEX(m!$B$2:$AX$50,MATCH('table (2)'!$L22,m!$A$2:$A$50,0),MATCH('table (2)'!O$4,m!$B$1:$AX$1,0)) -> 6.2742625 | P22: =INDEX(m!$B$2:$AX$50,MATCH('table (2)'!$L22,m!$A$2:$A$50,0),MATCH('table (2)'!P$4,m!$B$1:$AX$1,0)) -> 4.4037276 | Q22: =INDEX(m!$B$2:$AX$50,MATCH('table (2)'!$L22,m!$A$2:$A$50,0),MATCH('table (2)'!Q$4,m!$B$1:$AX$1,0)) -> -0.84348043 | R22: =INDEX(m!$B$2:$AX$50,MATCH('table (2)'!$L22,m!$A$2:$A$50,0),MATCH('table (2)'!R$4,m!$B$1:$AX$1,0)) -> 3.4888374 | S22: =INDEX(m!$B$2:$AZ$50,MATCH('table (2)'!$L22,m!$A$2:$A$50,0),MATCH('table (2)'!S$4,m!$B$1:$AZ$1,0)) -> -0.35854949 | U22: -0.84348043 | V22: 3.4888374 | W22: 0.19593758
C23: Дүн, их наяд төг. | D23: =M23 -> 27.863477 | E23: =N23 -> 29.664808 | F23: =O23 -> 37.624081 | G23: =P23 -> 43.33396 | H23: =Q23 -> 41.483385 | I23: =R23 -> 42.999314 | J23: =S23 -> 44.126965 | L23: ms_m2 | M23: =INDEX(m!$B$2:$AX$50,MATCH('table (2)'!$L23,m!$A$2:$A$50,0),MATCH('table (2)'!M$4,m!$B$1:$AX$1,0)) -> 27.863477 | N23: =INDEX(m!$B$2:$AX$50,MATCH('table (2)'!$L23,m!$A$2:$A$50,0),MATCH('table (2)'!N$4,m!$B$1:$AX$1,0)) -> 29.664808 | O23: =INDEX(m!$B$2:$AX$50,MATCH('table (2)'!$L23,m!$A$2:$A$50,0),MATCH('table (2)'!O$4,m!$B$1:$AX$1,0)) -> 37.624081 | P23: =INDEX(m!$B$2:$AX$50,MATCH('table (2)'!$L23,m!$A$2:$A$50,0),MATCH('table (2)'!P$4,m!$B$1:$AX$1,0)) -> 43.33396 | Q23: =INDEX(m!$B$2:$AX$50,MATCH('table (2)'!$L23,m!$A$2:$A$50,0),MATCH('table (2)'!Q$4,m!$B$1:$AX$1,0)) -> 41.483385 | R23: =INDEX(m!$B$2:$AX$50,MATCH('table (2)'!$L23,m!$A$2:$A$50,0),MATCH('table (2)'!R$4,m!$B$1:$AX$1,0)) -> 42.999314 | S23: =INDEX(m!$B$2:$AZ$50,MATCH('table (2)'!$L23,m!$A$2:$A$50,0),MATCH('table (2)'!S$4,m!$B$1:$AZ$1,0)) -> 44.126965 | U23: 41.483385 | V23: 42.999314 | W23: 43.083566
C24: %, ДНБ харьцах | D24: =M24 -> 63.972372 | E24: =N24 -> 55.086272 | F24: =O24 -> 53.4118 | G24: =P24 -> 53.722193 | H24: =Q24 -> 50.887918 | I24: =R24 -> 52.747518 | J24: =J23/J66*100 -> 54.130814 | L24: m2_gdp | M24: =INDEX(m!$B$2:$AX$50,MATCH('table (2)'!$L24,m!$A$2:$A$50,0),MATCH('table (2)'!M$4,m!$B$1:$AX$1,0)) -> 63.972372 | N24: =INDEX(m!$B$2:$AX$50,MATCH('table (2)'!$L24,m!$A$2:$A$50,0),MATCH('table (2)'!N$4,m!$B$1:$AX$1,0)) -> 55.086272 | O24: =INDEX(m!$B$2:$AX$50,MATCH('table (2)'!$L24,m!$A$2:$A$50,0),MATCH('table (2)'!O$4,m!$B$1:$AX$1,0)) -> 53.4118 | P24: =INDEX(m!$B$2:$AX$50,MATCH('table (2)'!$L24,m!$A$2:$A$50,0),MATCH('table (2)'!P$4,m!$B$1:$AX$1,0)) -> 53.722193 | Q24: =INDEX(m!$B$2:$AX$50,MATCH('table (2)'!$L24,m!$A$2:$A$50,0),MATCH('table (2)'!Q$4,m!$B$1:$AX$1,0)) -> 50.887918 | R24: =R23/($H$23/$H$24) -> 52.747518 | S24: =S23/($H$23/$H$24) -> 54.130814 | U24: 50.307353
B25: Банкны зээл | C25: %, жилийн (YoY) | D25: =M25 -> 21.856801 | E25: =N25 -> 8.326797 | F25: =O25 -> 21.879296 | G25: =P25 -> 34.61869 | H25: =Q25 -> 32.779266 | I25: =R25 -> 27.109139 | J25: =S25 -> 22.760333 | L25: bank_ass_credit_nfi_yoy | M25: =INDEX(m!$B$2:$AX$50,MATCH('table (2)'!$L25,m!$A$2:$A$50,0),MATCH('table (2)'!M$4,m!$B$1:$AX$1,0)) -> 21.856801 | N25: =INDEX(m!$B$2:$AX$50,MATCH('table (2)'!$L25,m!$A$2:$A$50,0),MATCH('table (2)'!N$4,m!$B$1:$AX$1,0)) -> 8.326797 | O25: =INDEX(m!$B$2:$AX$50,MATCH('table (2)'!$L25,m!$A$2:$A$50,0),MATCH('table (2)'!O$4,m!$B$1:$AX$1,0)) -> 21.879296 | P25: =INDEX(m!$B$2:$AX$50,MATCH('table (2)'!$L25,m!$A$2:$A$50,0),MATCH('table (2)'!P$4,m!$B$1:$AX$1,0)) -> 34.61869 | Q25: =INDEX(m!$B$2:$AX$50,MATCH('table (2)'!$L25,m!$A$2:$A$50,0),MATCH('table (2)'!Q$4,m!$B$1:$AX$1,0)) -> 32.779266 | R25: =INDEX(m!$B$2:$AX$50,MATCH('table (2)'!$L25,m!$A$2:$A$50,0),MATCH('table (2)'!R$4,m!$B$1:$AX$1,0)) -> 27.109139 | S25: =INDEX(m!$B$2:$AZ$50,MATCH('table (2)'!$L25,m!$A$2:$A$50,0),MATCH('table (2)'!S$4,m!$B$1:$AZ$1,0)) -> 22.760333 | U25: 32.779266 | V25: 27.109139 | W25: 27.384671 | AD25: =H23/H24*100 -> 81.519123
C26: %, улирлын (QoQ) | I26: =R26 -> 39.591237 | J26: =S26 -> 5.8031325 | L26: bank_ass_credit_nfi_qoq | M26: =INDEX(m!$B$2:$AX$50,MATCH('table (2)'!$L26,m!$A$2:$A$50,0),MATCH('table (2)'!M$4,m!$B$1:$AX$1,0)) -> 13.679303 | N26: =INDEX(m!$B$2:$AX$50,MATCH('table (2)'!$L26,m!$A$2:$A$50,0),MATCH('table (2)'!N$4,m!$B$1:$AX$1,0)) -> -6.8829885 | O26: =INDEX(m!$B$2:$AX$50,MATCH('table (2)'!$L26,m!$A$2:$A$50,0),MATCH('table (2)'!O$4,m!$B$1:$AX$1,0)) -> 19.694894 | P26: =INDEX(m!$B$2:$AX$50,MATCH('table (2)'!$L26,m!$A$2:$A$50,0),MATCH('table (2)'!P$4,m!$B$1:$AX$1,0)) -> 19.721123 | Q26: =INDEX(m!$B$2:$AX$50,MATCH('table (2)'!$L26,m!$A$2:$A$50,0),MATCH('table (2)'!Q$4,m!$B$1:$AX$1,0)) -> 19.732671 | R26: =INDEX(m!$B$2:$AX$50,MATCH('table (2)'!$L26,m!$A$2:$A$50,0),MATCH('table (2)'!R$4,m!$B$1:$AX$1,0)) -> 39.591237 | S26: =INDEX(m!$B$2:$AZ$50,MATCH('table (2)'!$L26,m!$A$2:$A$50,0),MATCH('table (2)'!S$4,m!$B$1:$AZ$1,0)) -> 5.8031325 | U26: 4.9331678 | V26: 9.8978094 | W26: 7.6359818
C27: %, сарын (MoM) | H27: =Q27 -> 0.33498532 | I27: =R27 -> 4.7995553 | J27: =S27 -> 1.1143131 | L27: bank_ass_credit_nfi_mom | M27: =INDEX(m!$B$2:$AX$50,MATCH('table (2)'!$L27,m!$A$2:$A$50,0),MATCH('table (2)'!M$4,m!$B$1:$AX$1,0)) -> 3.0664379 | N27: =INDEX(m!$B$2:$AX$50,MATCH('table (2)'!$L27,m!$A$2:$A$50,0),MATCH('table (2)'!N$4,m!$B$1:$AX$1,0)) -> -0.41185332 | O27: =INDEX(m!$B$2:$AX$50,MATCH('table (2)'!$L27,m!$A$2:$A$50,0),MATCH('table (2)'!O$4,m!$B$1:$AX$1,0)) -> 1.8434083 | P27: =INDEX(m!$B$2:$AX$50,MATCH('table (2)'!$L27,m!$A$2:$A$50,0),MATCH('table (2)'!P$4,m!$B$1:$AX$1,0)) -> 2.6773363 | Q27: =INDEX(m!$B$2:$AX$50,MATCH('table (2)'!$L27,m!$A$2:$A$50,0),MATCH('table (2)'!Q$4,m!$B$1:$AX$1,0)) -> 0.33498532 | R27: =INDEX(m!$B$2:$AX$50,MATCH('table (2)'!$L27,m!$A$2:$A$50,0),MATCH('table (2)'!R$4,m!$B$1:$AX$1,0)) -> 4.7995553 | S27: =INDEX(m!$B$2:$AZ$50,MATCH('table (2)'!$L27,m!$A$2:$A$50,0),MATCH('table (2)'!S$4,m!$B$1:$AZ$1,0)) -> 1.1143131 | U27: 0.33498532 | V27: 4.7995553 | W27: 0.41679942
C28: Дүн, их наяд төг. | L28: bank_ass_credit_nfi | AD28: =H29*$AD$25/100 -> 3.7668662e-05 | AE28: =AD28*(1+I27/100) -> 3.9476591e-05 | AF28: =AE28*(1+#REF!/100) -> #REF!
C29: %, ДНБ харьцах | D29: =M29 -> 4.6371737e-05 | E29: =N29 -> 4.0628796e-05 | F29: =O29 -> 3.7855881e-05 | G29: =P29 -> 4.4503357e-05 | H29: =Q29 -> 4.6208375e-05 | I29: =R29 -> 4.93292e-05 | J29: =S29 -> 4.9201557e-05 | L29: loan_gdp | M29: =INDEX(m!$B$2:$AX$50,MATCH('table (2)'!$L29,m!$A$2:$A$50,0),MATCH('table (2)'!M$4,m!$B$1:$AX$1,0)) -> 4.6371737e-05 | N29: =INDEX(m!$B$2:$AX$50,MATCH('table (2)'!$L29,m!$A$2:$A$50,0),MATCH('table (2)'!N$4,m!$B$1:$AX$1,0)) -> 4.0628796e-05 | O29: =INDEX(m!$B$2:$AX$50,MATCH('table (2)'!$L29,m!$A$2:$A$50,0),MATCH('table (2)'!O$4,m!$B$1:$AX$1,0)) -> 3.7855881e-05 | P29: =INDEX(m!$B$2:$AX$50,MATCH('table (2)'!$L29,m!$A$2:$A$50,0),MATCH('table (2)'!P$4,m!$B$1:$AX$1,0)) -> 4.4503357e-05 | Q29: =INDEX(m!$B$2:$AX$50,MATCH('table (2)'!$L29,m!$A$2:$A$50,0),MATCH('table (2)'!Q$4,m!$B$1:$AX$1,0)) -> 4.6208375e-05 | R29: =INDEX(m!$B$2:$AX$50,MATCH('table (2)'!$L29,m!$A$2:$A$50,0),MATCH('table (2)'!R$4,m!$B$1:$AX$1,0)) -> 4.93292e-05 | S29: =INDEX(m!$B$2:$AZ$50,MATCH('table (2)'!$L29,m!$A$2:$A$50,0),MATCH('table (2)'!S$4,m!$B$1:$AZ$1,0)) -> 4.9201557e-05 | U29: 45.681198 | AE29: =AE28/$AD$25*100 -> 4.8426172e-05 | AF29: =AF28/$AD$25*100 -> #REF!
B30: Банкны зээл /иргэд/ | C30: %, жилийн (YoY) | D30: =M30 -> 21.788529 | E30: =N30 -> 11.139411 | F30: =O30 -> 32.454539 | G30: =P30 -> 42.418936 | H30: =Q30 -> 36.083349 | I30: =R30 -> 26.618682 | J30: =S30 -> 21.313132 | L30: dc_loan_ind_yoy | M30: =INDEX(m!$B$2:$AX$50,MATCH('table (2)'!$L30,m!$A$2:$A$50,0),MATCH('table (2)'!M$4,m!$B$1:$AX$1,0)) -> 21.788529 | N30: =INDEX(m!$B$2:$AX$50,MATCH('table (2)'!$L30,m!$A$2:$A$50,0),MATCH('table (2)'!N$4,m!$B$1:$AX$1,0)) -> 11.139411 | O30: =INDEX(m!$B$2:$AX$50,MATCH('table (2)'!$L30,m!$A$2:$A$50,0),MATCH('table (2)'!O$4,m!$B$1:$AX$1,0)) -> 32.454539 | P30: =INDEX(m!$B$2:$AX$50,MATCH('table (2)'!$L30,m!$A$2:$A$50,0),MATCH('table (2)'!P$4,m!$B$1:$AX$1,0)) -> 42.418936 | Q30: =INDEX(m!$B$2:$AX$50,MATCH('table (2)'!$L30,m!$A$2:$A$50,0),MATCH('table (2)'!Q$4,m!$B$1:$AX$1,0)) -> 36.083349 | R30: =INDEX(m!$B$2:$AX$50,MATCH('table (2)'!$L30,m!$A$2:$A$50,0),MATCH('table (2)'!R$4,m!$B$1:$AX$1,0)) -> 26.618682 | S30: =INDEX(m!$B$2:$AZ$50,MATCH('table (2)'!$L30,m!$A$2:$A$50,0),MATCH('table (2)'!S$4,m!$B$1:$AZ$1,0)) -> 21.313132 | U30: 36.083349 | V30: 26.618682 | W30: 27.245572
C31: %, улирлын (QoQ) | I31: =R31 -> 26.658868 | J31: =S31 -> 11.930864 | L31: dc_loan_ind_qoq | M31: =INDEX(m!$B$2:$AX$50,MATCH('table (2)'!$L31,m!$A$2:$A$50,0),MATCH('table (2)'!M$4,m!$B$1:$AX$1,0)) -> 13.246441 | N31: =INDEX(m!$B$2:$AX$50,MATCH('table (2)'!$L31,m!$A$2:$A$50,0),MATCH('table (2)'!N$4,m!$B$1:$AX$1,0)) -> -1.0319146 | O31: =INDEX(m!$B$2:$AX$50,MATCH('table (2)'!$L31,m!$A$2:$A$50,0),MATCH('table (2)'!O$4,m!$B$1:$AX$1,0)) -> 19.474927 | P31: =INDEX(m!$B$2:$AX$50,MATCH('table (2)'!$L31,m!$A$2:$A$50,0),MATCH('table (2)'!P$4,m!$B$1:$AX$1,0)) -> 20.262524 | Q31: =INDEX(m!$B$2:$AX$50,MATCH('table (2)'!$L31,m!$A$2:$A$50,0),MATCH('table (2)'!Q$4,m!$B$1:$AX$1,0)) -> 20.457406 | R31: =INDEX(m!$B$2:$AX$50,MATCH('table (2)'!$L31,m!$A$2:$A$50,0),MATCH('table (2)'!R$4,m!$B$1:$AX$1,0)) -> 26.658868 | S31: =INDEX(m!$B$2:$AZ$50,MATCH('table (2)'!$L31,m!$A$2:$A$50,0),MATCH('table (2)'!S$4,m!$B$1:$AZ$1,0)) -> 11.930864 | U31: 5.1143516 | V31: 6.6647171 | W31: 6.030327
C32: %, сарын (MoM) | H32: =Q32 -> -1.4799656 | I32: =R32 -> 2.2924228 | J32: =S32 -> 1.4820993 | L32: dc_loan_ind_mom | M32: =INDEX(m!$B$2:$AX$50,MATCH('table (2)'!$L32,m!$A$2:$A$50,0),MATCH('table (2)'!M$4,m!$B$1:$AX$1,0)) -> 1.6270711 | N32: =INDEX(m!$B$2:$AX$50,MATCH('table (2)'!$L32,m!$A$2:$A$50,0),MATCH('table (2)'!N$4,m!$B$1:$AX$1,0)) -> 0.28002941 | O32: =INDEX(m!$B$2:$AX$50,MATCH('table (2)'!$L32,m!$A$2:$A$50,0),MATCH('table (2)'!O$4,m!$B$1:$AX$1,0)) -> 0.31258369 | P32: =INDEX(m!$B$2:$AX$50,MATCH('table (2)'!$L32,m!$A$2:$A$50,0),MATCH('table (2)'!P$4,m!$B$1:$AX$1,0)) -> 1.7771209 | Q32: =INDEX(m!$B$2:$AX$50,MATCH('table (2)'!$L32,m!$A$2:$A$50,0),MATCH('table (2)'!Q$4,m!$B$1:$AX$1,0)) -> -1.4799656 | R32: =INDEX(m!$B$2:$AX$50,MATCH('table (2)'!$L32,m!$A$2:$A$50,0),MATCH('table (2)'!R$4,m!$B$1:$AX$1,0)) -> 2.2924228 | S32: =INDEX(m!$B$2:$AZ$50,MATCH('table (2)'!$L32,m!$A$2:$A$50,0),MATCH('table (2)'!S$4,m!$B$1:$AZ$1,0)) -> 1.4820993 | U32: -1.4799656 | V32: 2.2924228 | W32: 1.8448914 | AD32: =H34*$AD$25/100 -> 2.3361404e-05
C33: Дүн, их наяд төг. | L33: dc_loan_ind
C34: %, ДНБ харьцах | D34: =M34 -> 2.4338365e-05 | E34: =N34 -> 2.1877827e-05 | F34: =O34 -> 2.2153405e-05 | G34: =P34 -> 2.755258e-05 | H34: =Q34 -> 2.8657575e-05 | I34: =R34 -> 2.9693033e-05 | J34: =I34*(1+J32/100) -> 3.0133113e-05 | L34: loan_ind_gdp | M34: =INDEX(m!$B$2:$AX$50,MATCH('table (2)'!$L34,m!$A$2:$A$50,0),MATCH('table (2)'!M$4,m!$B$1:$AX$1,0)) -> 2.4338365e-05 | N34: =INDEX(m!$B$2:$AX$50,MATCH('table (2)'!$L34,m!$A$2:$A$50,0),MATCH('table (2)'!N$4,m!$B$1:$AX$1,0)) -> 2.1877827e-05 | O34: =INDEX(m!$B$2:$AX$50,MATCH('table (2)'!$L34,m!$A$2:$A$50,0),MATCH('table (2)'!O$4,m!$B$1:$AX$1,0)) -> 2.2153405e-05 | P34: =INDEX(m!$B$2:$AX$50,MATCH('table (2)'!$L34,m!$A$2:$A$50,0),MATCH('table (2)'!P$4,m!$B$1:$AX$1,0)) -> 2.755258e-05 | Q34: =INDEX(m!$B$2:$AX$50,MATCH('table (2)'!$L34,m!$A$2:$A$50,0),MATCH('table (2)'!Q$4,m!$B$1:$AX$1,0)) -> 2.8657575e-05 | R34: =INDEX(m!$B$2:$AX$50,MATCH('table (2)'!$L34,m!$A$2:$A$50,0),MATCH('table (2)'!R$4,m!$B$1:$AX$1,0)) -> 2.9693033e-05 | S34: =INDEX(m!$B$2:$AZ$50,MATCH('table (2)'!$L34,m!$A$2:$A$50,0),MATCH('table (2)'!S$4,m!$B$1:$AZ$1,0)) -> 3.0063412e-05 | U34: 28.330629
B35: Банкны зээл /ААН/ | C35: %, жилийн (YoY) | D35: =M35 -> 23.628687 | E35: =N35 -> 2.93599 | F35: =O35 -> 13.039963 | G35: =P35 -> 20.052926 | H35: =Q35 -> 24.624443 | I35: =R35 -> 25.506298 | J35: =S35 -> 23.89305 | L35: dc_loan_corp_yoy | M35: =INDEX(m!$B$2:$AX$50,MATCH('table (2)'!$L35,m!$A$2:$A$50,0),MATCH('table (2)'!M$4,m!$B$1:$AX$1,0)) -> 23.628687 | N35: =INDEX(m!$B$2:$AX$50,MATCH('table (2)'!$L35,m!$A$2:$A$50,0),MATCH('table (2)'!N$4,m!$B$1:$AX$1,0)) -> 2.93599 | O35: =INDEX(m!$B$2:$AX$50,MATCH('table (2)'!$L35,m!$A$2:$A$50,0),MATCH('table (2)'!O$4,m!$B$1:$AX$1,0)) -> 13.039963 | P35: =INDEX(m!$B$2:$AX$50,MATCH('table (2)'!$L35,m!$A$2:$A$50,0),MATCH('table (2)'!P$4,m!$B$1:$AX$1,0)) -> 20.052926 | Q35: =INDEX(m!$B$2:$AX$50,MATCH('table (2)'!$L35,m!$A$2:$A$50,0),MATCH('table (2)'!Q$4,m!$B$1:$AX$1,0)) -> 24.624443 | R35: =INDEX(m!$B$2:$AX$50,MATCH('table (2)'!$L35,m!$A$2:$A$50,0),MATCH('table (2)'!R$4,m!$B$1:$AX$1,0)) -> 25.506298 | S35: =INDEX(m!$B$2:$AZ$50,MATCH('table (2)'!$L35,m!$A$2:$A$50,0),MATCH('table (2)'!S$4,m!$B$1:$AZ$1,0)) -> 23.89305 | U35: 24.624443 | V35: 25.506298 | W35: 25.175621 | AD35: =H37*$AD$25/100 -> 0 | AE35: =AD35*(1+I36/100) -> 0 | AF35: =AE35*(1+#REF!/100) -> #REF!
C36: %, улирлын (QoQ) | I36: =R36 -> 60.640284 | J36: =S36 -> 0.46769691 | L36: dc_loan_corp_qoq | M36: =INDEX(m!$B$2:$AX$50,MATCH('table (2)'!$L36,m!$A$2:$A$50,0),MATCH('table (2)'!M$4,m!$B$1:$AX$1,0)) -> 19.911705 | N36: =INDEX(m!$B$2:$AX$50,MATCH('table (2)'!$L36,m!$A$2:$A$50,0),MATCH('table (2)'!N$4,m!$B$1:$AX$1,0)) -> -26.585109 | O36: =INDEX(m!$B$2:$AX$50,MATCH('table (2)'!$L36,m!$A$2:$A$50,0),MATCH('table (2)'!O$4,m!$B$1:$AX$1,0)) -> 20.451713 | P36: =INDEX(m!$B$2:$AX$50,MATCH('table (2)'!$L36,m!$A$2:$A$50,0),MATCH('table (2)'!P$4,m!$B$1:$AX$1,0)) -> 11.875392 | Q36: =INDEX(m!$B$2:$AX$50,MATCH('table (2)'!$L36,m!$A$2:$A$50,0),MATCH('table (2)'!Q$4,m!$B$1:$AX$1,0)) -> 17.437692 | R36: =INDEX(m!$B$2:$AX$50,MATCH('table (2)'!$L36,m!$A$2:$A$50,0),MATCH('table (2)'!R$4,m!$B$1:$AX$1,0)) -> 60.640284 | S36: =INDEX(m!$B$2:$AZ$50,MATCH('table (2)'!$L36,m!$A$2:$A$50,0),MATCH('table (2)'!S$4,m!$B$1:$AZ$1,0)) -> 0.46769691 | U36: 4.3594229 | V36: 15.160071 | W36: 10.16329 | AD36: =H39*$AD$25/100 -> 1.4364974e-05 | AE36: =AD36*(1+I37/100) -> 1.5582401e-05 | AF36: =AE36*(1+#REF!/100) -> #REF!
C37: %, сарын (MoM) | I37: =R37 -> 8.4749717 | J37: =S37 -> 0.87055907 | L37: dc_loan_corp_mom | M37: =INDEX(m!$B$2:$AX$50,MATCH('table (2)'!$L37,m!$A$2:$A$50,0),MATCH('table (2)'!M$4,m!$B$1:$AX$1,0)) -> 4.1400216 | N37: =INDEX(m!$B$2:$AX$50,MATCH('table (2)'!$L37,m!$A$2:$A$50,0),MATCH('table (2)'!N$4,m!$B$1:$AX$1,0)) -> -4.3054449 | O37: =INDEX(m!$B$2:$AX$50,MATCH('table (2)'!$L37,m!$A$2:$A$50,0),MATCH('table (2)'!O$4,m!$B$1:$AX$1,0)) -> 3.842761 | P37: =INDEX(m!$B$2:$AX$50,MATCH('table (2)'!$L37,m!$A$2:$A$50,0),MATCH('table (2)'!P$4,m!$B$1:$AX$1,0)) -> 2.6325165 | Q37: =INDEX(m!$B$2:$AX$50,MATCH('table (2)'!$L37,m!$A$2:$A$50,0),MATCH('table (2)'!Q$4,m!$B$1:$AX$1,0)) -> 3.6295985 | R37: =INDEX(m!$B$2:$AX$50,MATCH('table (2)'!$L37,m!$A$2:$A$50,0),MATCH('table (2)'!R$4,m!$B$1:$AX$1,0)) -> 8.4749717 | S37: =INDEX(m!$B$2:$AZ$50,MATCH('table (2)'!$L37,m!$A$2:$A$50,0),MATCH('table (2)'!S$4,m!$B$1:$AZ$1,0)) -> 0.87055907 | U37: 3.6295985 | V37: 8.4749717 | W37: -1.5436548 | AE37: =AE36/$AD$25*100 -> 1.9115026e-05 | AF37: =AF36/$AD$25*100 -> #REF!
C38: Дүн, их наяд төг. | L38: dc_loan_corp
C39: %, ДНБ харьцах | D39: =M39 -> 2.2623423e-05 | E39: =N39 -> 1.8835201e-05 | F39: =O39 -> 1.6276901e-05 | G39: =P39 -> 1.7064695e-05 | H39: =Q39 -> 1.76216e-05 | I39: =R39 -> 1.9712495e-05 | J39: =I39*(1+J37/100) -> 1.9884104e-05 | L39: loan_corp_gdp | M39: =INDEX(m!$B$2:$AX$50,MATCH('table (2)'!$L39,m!$A$2:$A$50,0),MATCH('table (2)'!M$4,m!$B$1:$AX$1,0)) -> 2.2623423e-05 | N39: =INDEX(m!$B$2:$AX$50,MATCH('table (2)'!$L39,m!$A$2:$A$50,0),MATCH('table (2)'!N$4,m!$B$1:$AX$1,0)) -> 1.8835201e-05 | O39: =INDEX(m!$B$2:$AX$50,MATCH('table (2)'!$L39,m!$A$2:$A$50,0),MATCH('table (2)'!O$4,m!$B$1:$AX$1,0)) -> 1.6276901e-05 | P39: =INDEX(m!$B$2:$AX$50,MATCH('table (2)'!$L39,m!$A$2:$A$50,0),MATCH('table (2)'!P$4,m!$B$1:$AX$1,0)) -> 1.7064695e-05 | Q39: =INDEX(m!$B$2:$AX$50,MATCH('table (2)'!$L39,m!$A$2:$A$50,0),MATCH('table (2)'!Q$4,m!$B$1:$AX$1,0)) -> 1.76216e-05 | R39: =INDEX(m!$B$2:$AX$50,MATCH('table (2)'!$L39,m!$A$2:$A$50,0),MATCH('table (2)'!R$4,m!$B$1:$AX$1,0)) -> 1.9712495e-05 | S39: =INDEX(m!$B$2:$AZ$50,MATCH('table (2)'!$L39,m!$A$2:$A$50,0),MATCH('table (2)'!S$4,m!$B$1:$AZ$1,0)) -> 1.9402981e-05 | U39: 17.42056
B40: Эдийн засгийн өсөлт | C40: %, жилийн (YoY) | D40: =M40 -> 1.6367695 | E40: =N40 -> 5.0327097 | F40: =O40 -> 7.4221129 | G40: =P40 -> 5.1220452 | H40: =Q40 -> 2.6420538 | I40: =R40 -> 5.6194993 | J40: =S40 -> 5.9409693 | M40: =INDEX(q!$B$2:$S$5,MATCH("gdp_q4",q!$A$2:$A$5,0),MATCH(M3,q!$B$1:$S$1,0)) -> 1.6367695 | N40: =INDEX(q!$B$2:$S$5,MATCH("gdp_q4",q!$A$2:$A$5,0),MATCH(N3,q!$B$1:$S$1,0)) -> 5.0327097 | O40: =INDEX(q!$B$2:$S$5,MATCH("gdp_q4",q!$A$2:$A$5,0),MATCH(O3,q!$B$1:$S$1,0)) -> 7.4221129 | P40: =INDEX(q!$B$2:$S$5,MATCH("gdp_q4",q!$A$2:$A$5,0),MATCH(P3,q!$B$1:$S$1,0)) -> 5.1220452 | Q40: =INDEX(q!$B$2:$S$5,MATCH("gdp_q1",q!$A$2:$A$5,0),MATCH(Q3,q!$B$1:$S$1,0)) -> 2.6420538 | R40: =INDEX(q!$B$2:$S$5,MATCH("gdp_q2",q!$A$2:$A$5,0),MATCH(R3,q!$B$1:$S$1,0)) -> 5.6194993 | S40: =INDEX(q!$B$2:$S$5,MATCH("gdp_q3",q!$A$2:$A$5,0),MATCH(S3,q!$B$1:$S$1,0)) -> 5.9409693 | U40: -16.174044 | V40: -6.1173514 | W40: -6.0692058
B41: Улсын төсвийн орлого | C41: %, жилийн (YoY) | D41: =M41 -> 37.043534 | E41: =N41 -> 30.430229 | F41: =O41 -> 30.747673 | G41: =P41 -> 29.061961 | H41: =Q41 -> -16.174044 | I41: =R41 -> -6.1173514 | J41: =S41 -> -2.2617329 | L41: gov_rev_cum_yoy | M41: =INDEX(m!$B$2:$AX$50,MATCH('table (2)'!$L41,m!$A$2:$A$50,0),MATCH('table (2)'!M$4,m!$B$1:$AX$1,0)) -> 37.043534 | N41: =INDEX(m!$B$2:$AX$50,MATCH('table (2)'!$L41,m!$A$2:$A$50,0),MATCH('table (2)'!N$4,m!$B$1:$AX$1,0)) -> 30.430229 | O41: =INDEX(m!$B$2:$AX$50,MATCH('table (2)'!$L41,m!$A$2:$A$50,0),MATCH('table (2)'!O$4,m!$B$1:$AX$1,0)) -> 30.747673 | P41: =INDEX(m!$B$2:$AX$50,MATCH('table (2)'!$L41,m!$A$2:$A$50,0),MATCH('table (2)'!P$4,m!$B$1:$AX$1,0)) -> 29.061961 | Q41: =INDEX(m!$B$2:$AX$50,MATCH('table (2)'!$L41,m!$A$2:$A$50,0),MATCH('table (2)'!Q$4,m!$B$1:$AX$1,0)) -> -16.174044 | R41: =INDEX(m!$B$2:$AX$50,MATCH('table (2)'!$L41,m!$A$2:$A$50,0),MATCH('table (2)'!R$4,m!$B$1:$AX$1,0)) -> -6.1173514 | S41: =INDEX(m!$B$2:$AZ$50,MATCH('table (2)'!$L41,m!$A$2:$A$50,0),MATCH('table (2)'!S$4,m!$B$1:$AZ$1,0)) -> -2.2617329 | U41: 6.4322552 | V41: 14.032792 | W41: 16.578317
C42: Дүн, их наяд төг.** | D42: =M42 -> 14.255235 | E42: =N42 -> 18.593135 | F42: =O42 -> 24.310092 | G42: =P42 -> 31.375081 | H42: =Q42 -> 6.4322552 | I42: =R42 -> 14.032792 | J42: =S42 -> 22.244012 | L42: gov_rev_cum | M42: =INDEX(m!$B$2:$AX$50,MATCH('table (2)'!$L42,m!$A$2:$A$50,0),MATCH('table (2)'!M$4,m!$B$1:$AX$1,0)) -> 14.255235 | N42: =INDEX(m!$B$2:$AX$50,MATCH('table (2)'!$L42,m!$A$2:$A$50,0),MATCH('table (2)'!N$4,m!$B$1:$AX$1,0)) -> 18.593135 | O42: =INDEX(m!$B$2:$AX$50,MATCH('table (2)'!$L42,m!$A$2:$A$50,0),MATCH('table (2)'!O$4,m!$B$1:$AX$1,0)) -> 24.310092 | P42: =INDEX(m!$B$2:$AX$50,MATCH('table (2)'!$L42,m!$A$2:$A$50,0),MATCH('table (2)'!P$4,m!$B$1:$AX$1,0)) -> 31.375081 | Q42: =INDEX(m!$B$2:$AX$50,MATCH('table (2)'!$L42,m!$A$2:$A$50,0),MATCH('table (2)'!Q$4,m!$B$1:$AX$1,0)) -> 6.4322552 | R42: =INDEX(m!$B$2:$AX$50,MATCH('table (2)'!$L42,m!$A$2:$A$50,0),MATCH('table (2)'!R$4,m!$B$1:$AX$1,0)) -> 14.032792 | S42: =INDEX(m!$B$2:$AZ$50,MATCH('table (2)'!$L42,m!$A$2:$A$50,0),MATCH('table (2)'!S$4,m!$B$1:$AZ$1,0)) -> 22.244012 | U42: 7.800466
C43: %, ДНБ харьцах | D43: =M43 -> 32.728909 | E43: =N43 -> 34.526652 | F43: =O43 -> 34.511029 | G43: =P43 -> 38.896472 | H43: =Q43 -> 7.8904863 | I43: =R43 -> 16.721642 | J43: =J42/J66*100 -> 27.286863 | L43: rev_gdp | M43: =INDEX(m!$B$2:$AX$50,MATCH('table (2)'!$L43,m!$A$2:$A$50,0),MATCH('table (2)'!M$4,m!$B$1:$AX$1,0)) -> 32.728909 | N43: =INDEX(m!$B$2:$AX$50,MATCH('table (2)'!$L43,m!$A$2:$A$50,0),MATCH('table (2)'!N$4,m!$B$1:$AX$1,0)) -> 34.526652 | O43: =INDEX(m!$B$2:$AX$50,MATCH('table (2)'!$L43,m!$A$2:$A$50,0),MATCH('table (2)'!O$4,m!$B$1:$AX$1,0)) -> 34.511029 | P43: =INDEX(m!$B$2:$AX$50,MATCH('table (2)'!$L43,m!$A$2:$A$50,0),MATCH('table (2)'!P$4,m!$B$1:$AX$1,0)) -> 38.896472 | Q43: =INDEX(m!$B$2:$AX$50,MATCH('table (2)'!$L43,m!$A$2:$A$50,0),MATCH('table (2)'!Q$4,m!$B$1:$AX$1,0)) -> 7.8904863 | R43: =INDEX(m!$B$2:$AX$50,MATCH('table (2)'!$L43,m!$A$2:$A$50,0),MATCH('table (2)'!R$4,m!$B$1:$AX$1,0)) -> 16.721642 | S43: =INDEX(m!$B$2:$AZ$50,MATCH('table (2)'!$L43,m!$A$2:$A$50,0),MATCH('table (2)'!S$4,m!$B$1:$AZ$1,0)) -> 26.059574 | U43: 14.175229 | V43: 8.2264631 | W43: 10.653318 | AD43: =G46*$AD$25/100 -> 30.68774
B44: Улсын төсвийн зарлага | C44: %, жилийн (YoY) | D44: =M44 -> 11.728152 | E44: =N44 -> 16.53834 | F44: =O44 -> 23.526997 | G44: =P44 -> 35.23117 | H44: =Q44 -> 14.175229 | I44: =R44 -> 8.2264631 | J44: =S44 -> 11.283821 | L44: gov_exp_cum_yoy | M44: =INDEX(m!$B$2:$AX$50,MATCH('table (2)'!$L44,m!$A$2:$A$50,0),MATCH('table (2)'!M$4,m!$B$1:$AX$1,0)) -> 11.728152 | N44: =INDEX(m!$B$2:$AX$50,MATCH('table (2)'!$L44,m!$A$2:$A$50,0),MATCH('table (2)'!N$4,m!$B$1:$AX$1,0)) -> 16.53834 | O44: =INDEX(m!$B$2:$AX$50,MATCH('table (2)'!$L44,m!$A$2:$A$50,0),MATCH('table (2)'!O$4,m!$B$1:$AX$1,0)) -> 23.526997 | P44: =INDEX(m!$B$2:$AX$50,MATCH('table (2)'!$L44,m!$A$2:$A$50,0),MATCH('table (2)'!P$4,m!$B$1:$AX$1,0)) -> 35.23117 | Q44: =INDEX(m!$B$2:$AX$50,MATCH('table (2)'!$L44,m!$A$2:$A$50,0),MATCH('table (2)'!Q$4,m!$B$1:$AX$1,0)) -> 14.175229 | R44: =INDEX(m!$B$2:$AX$50,MATCH('table (2)'!$L44,m!$A$2:$A$50,0),MATCH('table (2)'!R$4,m!$B$1:$AX$1,0)) -> 8.2264631 | S44: =INDEX(m!$B$2:$AZ$50,MATCH('table (2)'!$L44,m!$A$2:$A$50,0),MATCH('table (2)'!S$4,m!$B$1:$AZ$1,0)) -> 11.283821 | U44: 6.5026679 | V44: 13.973441 | W44: 16.887571
C45: Дүн, их наяд төг.** | D45: =M45 -> 15.59813 | E45: =N45 -> 18.177802 | F45: =O45 -> 22.454492 | G45: =P45 -> 30.365473 | H45: =Q45 -> 6.5026679 | I45: =R45 -> 13.973441 | J45: =S45 -> 22.058169 | L45: gov_exp_cum | M45: =INDEX(m!$B$2:$AX$50,MATCH('table (2)'!$L45,m!$A$2:$A$50,0),MATCH('table (2)'!M$4,m!$B$1:$AX$1,0)) -> 15.59813 | N45: =INDEX(m!$B$2:$AX$50,MATCH('table (2)'!$L45,m!$A$2:$A$50,0),MATCH('table (2)'!N$4,m!$B$1:$AX$1,0)) -> 18.177802 | O45: =INDEX(m!$B$2:$AX$50,MATCH('table (2)'!$L45,m!$A$2:$A$50,0),MATCH('table (2)'!O$4,m!$B$1:$AX$1,0)) -> 22.454492 | P45: =INDEX(m!$B$2:$AX$50,MATCH('table (2)'!$L45,m!$A$2:$A$50,0),MATCH('table (2)'!P$4,m!$B$1:$AX$1,0)) -> 30.365473 | Q45: =INDEX(m!$B$2:$AX$50,MATCH('table (2)'!$L45,m!$A$2:$A$50,0),MATCH('table (2)'!Q$4,m!$B$1:$AX$1,0)) -> 6.5026679 | R45: =INDEX(m!$B$2:$AX$50,MATCH('table (2)'!$L45,m!$A$2:$A$50,0),MATCH('table (2)'!R$4,m!$B$1:$AX$1,0)) -> 13.973441 | S45: =INDEX(m!$B$2:$AZ$50,MATCH('table (2)'!$L45,m!$A$2:$A$50,0),MATCH('table (2)'!S$4,m!$B$1:$AZ$1,0)) -> 22.058169 | U45: 7.8858562
C46: %, ДНБ харьцах | D46: =M46 -> 35.812091 | E46: =N46 -> 33.755395 | F46: =O46 -> 31.876788 | G46: =P46 -> 37.644835 | H46: =Q46 -> 7.9768619 | I46: =R46 -> 16.650918 | J46: =J45/J66*100 -> 27.058889 | L46: exp_gdp | M46: =INDEX(m!$B$2:$AX$50,MATCH('table (2)'!$L46,m!$A$2:$A$50,0),MATCH('table (2)'!M$4,m!$B$1:$AX$1,0)) -> 35.812091 | N46: =INDEX(m!$B$2:$AX$50,MATCH('table (2)'!$L46,m!$A$2:$A$50,0),MATCH('table (2)'!N$4,m!$B$1:$AX$1,0)) -> 33.755395 | O46: =INDEX(m!$B$2:$AX$50,MATCH('table (2)'!$L46,m!$A$2:$A$50,0),MATCH('table (2)'!O$4,m!$B$1:$AX$1,0)) -> 31.876788 | P46: =INDEX(m!$B$2:$AX$50,MATCH('table (2)'!$L46,m!$A$2:$A$50,0),MATCH('table (2)'!P$4,m!$B$1:$AX$1,0)) -> 37.644835 | Q46: =INDEX(m!$B$2:$AX$50,MATCH('table (2)'!$L46,m!$A$2:$A$50,0),MATCH('table (2)'!Q$4,m!$B$1:$AX$1,0)) -> 7.9768619 | R46: =INDEX(m!$B$2:$AX$50,MATCH('table (2)'!$L46,m!$A$2:$A$50,0),MATCH('table (2)'!R$4,m!$B$1:$AX$1,0)) -> 16.650918 | S46: =INDEX(m!$B$2:$AZ$50,MATCH('table (2)'!$L46,m!$A$2:$A$50,0),MATCH('table (2)'!S$4,m!$B$1:$AZ$1,0)) -> 25.841854 | U46: -17.65184 | V46: -16.545441 | W46: -16.342916
B47: Улсын төсвийн тэнцэл | C47: Дүн, их наяд төг.** | D47: =D42-D45 -> -1.3428949 | E47: =E42-E45 -> 0.415334 | F47: =F42-F45 -> 1.8555996 | G47: =G42-G45 -> 1.0096085 | H47: =H42-H45 -> -0.070412633 | I47: =I42-I45 -> 0.059351527 | J47: =J42-J45 -> 0.18584235 | U47: 3.013 | V47: 6.5813934 | W47: 7.75154
C48: %, ДНБ харьцах | D48: =D43-D46 -> -3.0831821 | E48: =E43-E46 -> 0.77125736 | F48: =F43-F46 -> 2.6342414 | G48: =G43-G46 -> 1.2516369 | H48: =H43-H46 -> -0.086375602 | I48: =I43-I46 -> 0.070723987 | J48: =J43-J46 -> 0.22797393 | U48: 12.743371
B49: Экспорт | C49: %, жилийн (YoY) | D49: =M49 -> 22.052796 | E49: =N49 -> 35.614075 | F49: =O49 -> 21.084528 | G49: =P49 -> 3.944373 | H49: =Q49 -> -17.65184 | I49: =R49 -> -16.545441 | J49: =S49 -> -9.1155408 | L49: ex_cum_yoy | M49: =INDEX(m!$B$2:$AX$50,MATCH('table (2)'!$L49,m!$A$2:$A$50,0),MATCH('table (2)'!M$4,m!$B$1:$AX$1,0)) -> 22.052796 | N49: =INDEX(m!$B$2:$AX$50,MATCH('table (2)'!$L49,m!$A$2:$A$50,0),MATCH('table (2)'!N$4,m!$B$1:$AX$1,0)) -> 35.614075 | O49: =INDEX(m!$B$2:$AX$50,MATCH('table (2)'!$L49,m!$A$2:$A$50,0),MATCH('table (2)'!O$4,m!$B$1:$AX$1,0)) -> 21.084528 | P49: =INDEX(m!$B$2:$AX$50,MATCH('table (2)'!$L49,m!$A$2:$A$50,0),MATCH('table (2)'!P$4,m!$B$1:$AX$1,0)) -> 3.944373 | Q49: =INDEX(m!$B$2:$AX$50,MATCH('table (2)'!$L49,m!$A$2:$A$50,0),MATCH('table (2)'!Q$4,m!$B$1:$AX$1,0)) -> -17.65184 | R49: =INDEX(m!$B$2:$AX$50,MATCH('table (2)'!$L49,m!$A$2:$A$50,0),MATCH('table (2)'!R$4,m!$B$1:$AX$1,0)) -> -16.545441 | S49: =INDEX(m!$B$2:$AZ$50,MATCH('table (2)'!$L49,m!$A$2:$A$50,0),MATCH('table (2)'!S$4,m!$B$1:$AZ$1,0)) -> -9.1155408 | U49: 17533.19 | V49: 37875.07 | W49: 44412.65
C50: Дүн, тэрбум ам.д** | D50: =M50 -> 9.2471097 | E50: =N50 -> 12.540382 | F50: =O50 -> 15.184463 | G50: =P50 -> 15.783395 | H50: =Q50 -> 3.013 | I50: =R50 -> 6.5813934 | J50: =S50 -> 10.708601 | L50: ex_cum | M50: =INDEX(m!$B$2:$AX$50,MATCH('table (2)'!$L50,m!$A$2:$A$50,0),MATCH('table (2)'!M$4,m!$B$1:$AX$1,0)) -> 9.2471097 | N50: =INDEX(m!$B$2:$AX$50,MATCH('table (2)'!$L50,m!$A$2:$A$50,0),MATCH('table (2)'!N$4,m!$B$1:$AX$1,0)) -> 12.540382 | O50: =INDEX(m!$B$2:$AX$50,MATCH('table (2)'!$L50,m!$A$2:$A$50,0),MATCH('table (2)'!O$4,m!$B$1:$AX$1,0)) -> 15.184463 | P50: =INDEX(m!$B$2:$AX$50,MATCH('table (2)'!$L50,m!$A$2:$A$50,0),MATCH('table (2)'!P$4,m!$B$1:$AX$1,0)) -> 15.783395 | Q50: =INDEX(m!$B$2:$AX$50,MATCH('table (2)'!$L50,m!$A$2:$A$50,0),MATCH('table (2)'!Q$4,m!$B$1:$AX$1,0)) -> 3.013 | R50: =INDEX(m!$B$2:$AX$50,MATCH('table (2)'!$L50,m!$A$2:$A$50,0),MATCH('table (2)'!R$4,m!$B$1:$AX$1,0)) -> 6.5813934 | S50: =INDEX(m!$B$2:$AZ$50,MATCH('table (2)'!$L50,m!$A$2:$A$50,0),MATCH('table (2)'!S$4,m!$B$1:$AZ$1,0)) -> 10.708601 | U50: 1342184.9 | V50: 2652822.9 | W50: 3020492.5
C51: %, ДНБ харьцах | D51: =M51 -> 60.493322 | E51: =N51 -> 80.214228 | F51: =O51 -> 73.521267 | G51: =P51 -> 66.928376 | H51: =Q51 -> 12.890434 | I51: =R51 -> 28.083403 | J51: =J50/J67*100 -> 45.814308 | L51: ex_gdp | M51: =INDEX(m!$B$2:$AX$50,MATCH('table (2)'!$L51,m!$A$2:$A$50,0),MATCH('table (2)'!M$4,m!$B$1:$AX$1,0)) -> 60.493322 | N51: =INDEX(m!$B$2:$AX$50,MATCH('table (2)'!$L51,m!$A$2:$A$50,0),MATCH('table (2)'!N$4,m!$B$1:$AX$1,0)) -> 80.214228 | O51: =INDEX(m!$B$2:$AX$50,MATCH('table (2)'!$L51,m!$A$2:$A$50,0),MATCH('table (2)'!O$4,m!$B$1:$AX$1,0)) -> 73.521267 | P51: =INDEX(m!$B$2:$AX$50,MATCH('table (2)'!$L51,m!$A$2:$A$50,0),MATCH('table (2)'!P$4,m!$B$1:$AX$1,0)) -> 66.928376 | Q51: =INDEX(m!$B$2:$AX$50,MATCH('table (2)'!$L51,m!$A$2:$A$50,0),MATCH('table (2)'!Q$4,m!$B$1:$AX$1,0)) -> 12.890434 | R51: =INDEX(m!$B$2:$AX$50,MATCH('table (2)'!$L51,m!$A$2:$A$50,0),MATCH('table (2)'!R$4,m!$B$1:$AX$1,0)) -> 28.083403 | S51: =INDEX(m!$B$2:$AZ$50,MATCH('table (2)'!$L51,m!$A$2:$A$50,0),MATCH('table (2)'!S$4,m!$B$1:$AZ$1,0)) -> 45.096447 | U51: 72.810406 | V51: 60.580312 | W51: 56.237259
B52: Нүүрсний экспорт | C52: хэмжээ, сая тн** | D52: =M52 -> 0.01611759 | E52: =N52 -> 0.03182157 | F52: =O52 -> 0.06961251 | G52: =P52 -> 0.083755 | H52: =Q52 -> 0.01753319 | I52: =R52 -> 0.03787507 | J52: =S52 -> 0.06261679 | L52: ex_coal_vol_cum | M52: =INDEX(m!$B$2:$AX$50,MATCH('table (2)'!$L52,m!$A$2:$A$50,0),MATCH('table (2)'!M$4,m!$B$1:$AX$1,0))/1000 -> 0.01611759 | N52: =INDEX(m!$B$2:$AX$50,MATCH('table (2)'!$L52,m!$A$2:$A$50,0),MATCH('table (2)'!N$4,m!$B$1:$AX$1,0))/1000 -> 0.03182157 | O52: =INDEX(m!$B$2:$AX$50,MATCH('table (2)'!$L52,m!$A$2:$A$50,0),MATCH('table (2)'!O$4,m!$B$1:$AX$1,0))/1000 -> 0.06961251 | P52: =INDEX(m!$B$2:$AX$50,MATCH('table (2)'!$L52,m!$A$2:$A$50,0),MATCH('table (2)'!P$4,m!$B$1:$AX$1,0))/1000 -> 0.083755 | Q52: =INDEX(m!$B$2:$AZ$50,MATCH('table (2)'!$L52,m!$A$2:$A$50,0),MATCH('table (2)'!Q$4,m!$B$1:$AZ$1,0))/1000 -> 0.01753319 | R52: =INDEX(m!$B$2:$AZ$50,MATCH('table (2)'!$L52,m!$A$2:$A$50,0),MATCH('table (2)'!R$4,m!$B$1:$AZ$1,0))/1000 -> 0.03787507 | S52: =INDEX(m!$B$2:$AZ$50,MATCH('table (2)'!$L52,m!$A$2:$A$50,0),MATCH('table (2)'!S$4,m!$B$1:$AZ$1,0))/1000 -> 0.06261679 | U52: 5.5387409 | V52: 2.7851488 | W52: 1.0867332
C53: дүн, тэрбум ам.доллар** | D53: =M53 -> 2.7740732e-06 | E53: =N53 -> 6.5032482e-06 | F53: =O53 -> 8.8984519e-06 | G53: =P53 -> 8.6979768e-06 | H53: =Q53 -> 1.3421849e-06 | I53: =R53 -> 2.6528229e-06 | J53: =S53 -> 4.0643693e-06 | L53: ex_coal_cum | M53: =INDEX(m!$B$2:$AX$50,MATCH('table (2)'!$L53,m!$A$2:$A$50,0),MATCH('table (2)'!M$4,m!$B$1:$AX$1,0))/1000000 -> 2.7740732e-06 | N53: =INDEX(m!$B$2:$AX$50,MATCH('table (2)'!$L53,m!$A$2:$A$50,0),MATCH('table (2)'!N$4,m!$B$1:$AX$1,0))/1000000 -> 6.5032482e-06 | O53: =INDEX(m!$B$2:$AX$50,MATCH('table (2)'!$L53,m!$A$2:$A$50,0),MATCH('table (2)'!O$4,m!$B$1:$AX$1,0))/1000000 -> 8.8984519e-06 | P53: =INDEX(m!$B$2:$AX$50,MATCH('table (2)'!$L53,m!$A$2:$A$50,0),MATCH('table (2)'!P$4,m!$B$1:$AX$1,0))/1000000 -> 8.6979768e-06 | Q53: =INDEX(m!$B$2:$AZ$50,MATCH('table (2)'!$L53,m!$A$2:$A$50,0),MATCH('table (2)'!Q$4,m!$B$1:$AZ$1,0))/1000000 -> 1.3421849e-06 | R53: =INDEX(m!$B$2:$AZ$50,MATCH('table (2)'!$L53,m!$A$2:$A$50,0),MATCH('table (2)'!R$4,m!$B$1:$AZ$1,0))/1000000 -> 2.6528229e-06 | S53: =INDEX(m!$B$2:$AZ$50,MATCH('table (2)'!$L53,m!$A$2:$A$50,0),MATCH('table (2)'!S$4,m!$B$1:$AZ$1,0))/1000000 -> 4.0643693e-06 | U53: 2.548 | V53: 5.5282273 | W53: 6.4808
C54: үнэ, ам.доллар | D54: =M54 -> 0.17211464 | E54: =N54 -> 0.20436604 | F54: =O54 -> 0.12782834 | G54: =P54 -> 0.10385024 | H54: =Q54 -> 0.076551097 | I54: =R54 -> 0.070041399 | J54: =S54 -> 59.279989 | L54: ex_coal_p | M54: =M53/M52*1000 -> 0.17211464 | N54: =N53/N52*1000 -> 0.20436604 | O54: =O53/O52*1000 -> 0.12782834 | P54: =P53/P52*1000 -> 0.10385024 | Q54: =Q53/Q52*1000 -> 0.076551097 | R54: =R53/R52*1000 -> 0.070041399 | S54: =INDEX(m!$B$2:$AZ$50,MATCH('table (2)'!$L54,m!$A$2:$A$50,0),MATCH('table (2)'!S$4,m!$B$1:$AZ$1,0)) -> 59.279989 | U54: 10.776671
B55: Импорт | C55: %, жилийн (YoY) | D55: =M55 -> 29.367602 | E55: =N55 -> 27.096977 | F55: =O55 -> 6.2964986 | G55: =P55 -> 25.50668 | H55: =Q55 -> 5.5387409 | I55: =R55 -> 2.7851488 | J55: =S55 -> -0.86484717 | L55: im_cum_yoy | M55: =INDEX(m!$B$2:$AX$50,MATCH('table (2)'!$L55,m!$A$2:$A$50,0),MATCH('table (2)'!M$4,m!$B$1:$AX$1,0)) -> 29.367602 | N55: =INDEX(m!$B$2:$AX$50,MATCH('table (2)'!$L55,m!$A$2:$A$50,0),MATCH('table (2)'!N$4,m!$B$1:$AX$1,0)) -> 27.096977 | O55: =INDEX(m!$B$2:$AX$50,MATCH('table (2)'!$L55,m!$A$2:$A$50,0),MATCH('table (2)'!O$4,m!$B$1:$AX$1,0)) -> 6.2964986 | P55: =INDEX(m!$B$2:$AX$50,MATCH('table (2)'!$L55,m!$A$2:$A$50,0),MATCH('table (2)'!P$4,m!$B$1:$AX$1,0)) -> 25.50668 | Q55: =INDEX(m!$B$2:$AX$50,MATCH('table (2)'!$L55,m!$A$2:$A$50,0),MATCH('table (2)'!Q$4,m!$B$1:$AX$1,0)) -> 5.5387409 | R55: =INDEX(m!$B$2:$AX$50,MATCH('table (2)'!$L55,m!$A$2:$A$50,0),MATCH('table (2)'!R$4,m!$B$1:$AX$1,0)) -> 2.7851488 | S55: =INDEX(m!$B$2:$AZ$50,MATCH('table (2)'!$L55,m!$A$2:$A$50,0),MATCH('table (2)'!S$4,m!$B$1:$AZ$1,0)) -> -0.86484717 | U55: 4.99597 | V55: 5.20607 | W55: 5.37975
C56: Дүн, тэрбум ам.д** | D56: =M56 -> 6.8486425 | E56: =N56 -> 8.7044176 | F56: =O56 -> 9.2524911 | G56: =P56 -> 11.612494 | H56: =Q56 -> 2.548 | I56: =R56 -> 5.5282273 | J56: =S56 -> 8.5338394 | L56: im_cum | M56: =INDEX(m!$B$2:$AX$50,MATCH('table (2)'!$L56,m!$A$2:$A$50,0),MATCH('table (2)'!M$4,m!$B$1:$AX$1,0)) -> 6.8486425 | N56: =INDEX(m!$B$2:$AX$50,MATCH('table (2)'!$L56,m!$A$2:$A$50,0),MATCH('table (2)'!N$4,m!$B$1:$AX$1,0)) -> 8.7044176 | O56: =INDEX(m!$B$2:$AX$50,MATCH('table (2)'!$L56,m!$A$2:$A$50,0),MATCH('table (2)'!O$4,m!$B$1:$AX$1,0)) -> 9.2524911 | P56: =INDEX(m!$B$2:$AX$50,MATCH('table (2)'!$L56,m!$A$2:$A$50,0),MATCH('table (2)'!P$4,m!$B$1:$AX$1,0)) -> 11.612494 | Q56: =INDEX(m!$B$2:$AX$50,MATCH('table (2)'!$L56,m!$A$2:$A$50,0),MATCH('table (2)'!Q$4,m!$B$1:$AX$1,0)) -> 2.548 | R56: =INDEX(m!$B$2:$AX$50,MATCH('table (2)'!$L56,m!$A$2:$A$50,0),MATCH('table (2)'!R$4,m!$B$1:$AX$1,0)) -> 5.5282273 | S56: =INDEX(m!$B$2:$AZ$50,MATCH('table (2)'!$L56,m!$A$2:$A$50,0),MATCH('table (2)'!S$4,m!$B$1:$AZ$1,0)) -> 8.5338394
C57: %, ДНБ харьцах | D57: =M57 -> 44.802879 | E57: =N57 -> 55.67758 | F57: =O57 -> 44.799404 | G57: =P57 -> 49.241966 | H57: =Q57 -> 10.901038 | I57: =R57 -> 23.589448 | J57: =J56/J67*100 -> 36.510088 | L57: im_gdp | M57: =INDEX(m!$B$2:$AX$50,MATCH('table (2)'!$L57,m!$A$2:$A$50,0),MATCH('table (2)'!M$4,m!$B$1:$AX$1,0)) -> 44.802879 | N57: =INDEX(m!$B$2:$AX$50,MATCH('table (2)'!$L57,m!$A$2:$A$50,0),MATCH('table (2)'!N$4,m!$B$1:$AX$1,0)) -> 55.67758 | O57: =INDEX(m!$B$2:$AX$50,MATCH('table (2)'!$L57,m!$A$2:$A$50,0),MATCH('table (2)'!O$4,m!$B$1:$AX$1,0)) -> 44.799404 | P57: =INDEX(m!$B$2:$AX$50,MATCH('table (2)'!$L57,m!$A$2:$A$50,0),MATCH('table (2)'!P$4,m!$B$1:$AX$1,0)) -> 49.241966 | Q57: =INDEX(m!$B$2:$AX$50,MATCH('table (2)'!$L57,m!$A$2:$A$50,0),MATCH('table (2)'!Q$4,m!$B$1:$AX$1,0)) -> 10.901038 | R57: =INDEX(m!$B$2:$AZ$50,MATCH('table (2)'!$L57,m!$A$2:$A$50,0),MATCH('table (2)'!R$4,m!$B$1:$AZ$1,0)) -> 23.589448 | S57: =INDEX(m!$B$2:$AZ$50,MATCH('table (2)'!$L57,m!$A$2:$A$50,0),MATCH('table (2)'!S$4,m!$B$1:$AZ$1,0)) -> 35.938014
B58: Валютын улсын нөөц | C58: Дүн, тэрбум ам.д | D58: =M58 -> #N/A | E58: =N58 -> #N/A | F58: =O58 -> #N/A | G58: =P58 -> #N/A | H58: =Q58 -> #N/A | I58: =R58 -> #N/A | J58: =S58 -> #N/A | L58: fx_reserve | M58: =INDEX(m!$B$2:$AX$50,MATCH('table (2)'!$L58,m!$A$2:$A$50,0),MATCH('table (2)'!M$4,m!$B$1:$AX$1,0)) -> #N/A | N58: =INDEX(m!$B$2:$AX$50,MATCH('table (2)'!$L58,m!$A$2:$A$50,0),MATCH('table (2)'!N$4,m!$B$1:$AX$1,0)) -> #N/A | O58: =INDEX(m!$B$2:$AX$50,MATCH('table (2)'!$L58,m!$A$2:$A$50,0),MATCH('table (2)'!O$4,m!$B$1:$AX$1,0)) -> #N/A | P58: =INDEX(m!$B$2:$AX$50,MATCH('table (2)'!$L58,m!$A$2:$A$50,0),MATCH('table (2)'!P$4,m!$B$1:$AX$1,0)) -> #N/A | Q58: =INDEX(m!$B$2:$AX$50,MATCH('table (2)'!$L58,m!$A$2:$A$50,0),MATCH('table (2)'!Q$4,m!$B$1:$AX$1,0)) -> #N/A | R58: =INDEX(m!$B$2:$AX$50,MATCH('table (2)'!$L58,m!$A$2:$A$50,0),MATCH('table (2)'!R$4,m!$B$1:$AX$1,0)) -> #N/A | S58: =INDEX(m!$B$2:$AZ$50,MATCH('table (2)'!$L58,m!$A$2:$A$50,0),MATCH('table (2)'!S$4,m!$B$1:$AZ$1,0)) -> #N/A
B59: Өрхийн дундаж орлого | C59: сая төгрөг | D59: =M59 -> 1.642915 | E59: =N59 -> 1.846967 | F59: =O59 -> 2.30811 | G59: =P59 -> 2.641671 | H59: =Q59 -> 2.817611 | I59: =R59 -> 2.951287 | J59: =S59 -> 2.971516 | L59: hh_inc | M59: =INDEX(q!$B$2:$S$9,MATCH($L59,q!$A$2:$A$9,0),MATCH(M$3,q!$B$1:$S$1,0))/1000000 -> 1.642915 | N59: =INDEX(q!$B$2:$S$9,MATCH($L59,q!$A$2:$A$9,0),MATCH(N$3,q!$B$1:$S$1,0))/1000000 -> 1.846967 | O59: =INDEX(q!$B$2:$S$9,MATCH($L59,q!$A$2:$A$9,0),MATCH(O$3,q!$B$1:$S$1,0))/1000000 -> 2.30811 | P59: =INDEX(q!$B$2:$S$9,MATCH($L59,q!$A$2:$A$9,0),MATCH(P$3,q!$B$1:$S$1,0))/1000000 -> 2.641671 | Q59: =INDEX(q!$B$2:$Z$9,MATCH($L59,q!$A$2:$A$9,0),MATCH(Q$3,q!$B$1:$Z$1,0))/1000000 -> 2.817611 | R59: =INDEX(q!$B$2:$Z$9,MATCH($L59,q!$A$2:$A$9,0),MATCH(R$3,q!$B$1:$Z$1,0))/1000000 -> 2.951287 | S59: =INDEX(q!$B$2:$Z$9,MATCH($L59,q!$A$2:$A$9,0),MATCH(S$3,q!$B$1:$Z$1,0))/1000000 -> 2.971516
B60: Өрхийн зарлага/орлого | D60: =M60 -> 107.61802 | E60: =N60 -> 98.396015 | F60: =O60 -> 99.940982 | G60: =P60 -> 97.075182 | H60: =Q60 -> 98.651357 | I60: =R60 -> 98.841911 | J60: =S60 -> 96.048226 | L60: hh_exp_inc | M60: =INDEX(q!$B$2:$S$9,MATCH($L60,q!$A$2:$A$9,0),MATCH(M$3,q!$B$1:$S$1,0)) -> 107.61802 | N60: =INDEX(q!$B$2:$S$9,MATCH($L60,q!$A$2:$A$9,0),MATCH(N$3,q!$B$1:$S$1,0)) -> 98.396015 | O60: =INDEX(q!$B$2:$S$9,MATCH($L60,q!$A$2:$A$9,0),MATCH(O$3,q!$B$1:$S$1,0)) -> 99.940982 | P60: =INDEX(q!$B$2:$S$9,MATCH($L60,q!$A$2:$A$9,0),MATCH(P$3,q!$B$1:$S$1,0)) -> 97.075182 | Q60: =INDEX(q!$B$2:$S$9,MATCH($L60,q!$A$2:$A$9,0),MATCH(Q$3,q!$B$1:$S$1,0)) -> 98.651357 | R60: =INDEX(q!$B$2:$S$9,MATCH($L60,q!$A$2:$A$9,0),MATCH(R$3,q!$B$1:$S$1,0)) -> 98.841911 | S60: =INDEX(q!$B$2:$S$9,MATCH($L60,q!$A$2:$A$9,0),MATCH(S$3,q!$B$1:$S$1,0)) -> 96.048226
B61: Өрхийн орлогын өсөлт | C61: %, жилийн (YoY) | D61: =M61 -> 15.324814 | E61: =N61 -> 12.420119 | F61: =O61 -> 24.967582 | G61: =P61 -> 14.451694 | H61: =Q61 -> 16.269543 | I61: =R61 -> 17.612503 | J61: =S61 -> 13.536374 | L61: hh_inc_yoy | M61: =INDEX(q!$B$2:$S$9,MATCH($L61,q!$A$2:$A$9,0),MATCH(M$3,q!$B$1:$S$1,0)) -> 15.324814 | N61: =INDEX(q!$B$2:$S$9,MATCH($L61,q!$A$2:$A$9,0),MATCH(N$3,q!$B$1:$S$1,0)) -> 12.420119 | O61: =INDEX(q!$B$2:$S$9,MATCH($L61,q!$A$2:$A$9,0),MATCH(O$3,q!$B$1:$S$1,0)) -> 24.967582 | P61: =INDEX(q!$B$2:$S$9,MATCH($L61,q!$A$2:$A$9,0),MATCH(P$3,q!$B$1:$S$1,0)) -> 14.451694 | Q61: =INDEX(q!$B$2:$S$9,MATCH($L61,q!$A$2:$A$9,0),MATCH(Q$3,q!$B$1:$S$1,0)) -> 16.269543 | R61: =INDEX(q!$B$2:$S$9,MATCH($L61,q!$A$2:$A$9,0),MATCH(R$3,q!$B$1:$S$1,0)) -> 17.612503 | S61: =INDEX(q!$B$2:$S$9,MATCH($L61,q!$A$2:$A$9,0),MATCH(S$3,q!$B$1:$S$1,0)) -> 13.536374
B62: Өрхийн зарлагын өсөлт | C62: %, жилийн (YoY) | D62: =M62 -> 4.7865203 | E62: =N62 -> 22.956511 | F62: =O62 -> 23.035734 | G62: =P62 -> 17.830475 | H62: =Q62 -> 15.579122 | I62: =R62 -> 14.10681 | J62: =S62 -> 14.714269 | L62: hh_exp_yoy | M62: =INDEX(q!$B$2:$S$9,MATCH($L62,q!$A$2:$A$9,0),MATCH(M$3,q!$B$1:$S$1,0)) -> 4.7865203 | N62: =INDEX(q!$B$2:$S$9,MATCH($L62,q!$A$2:$A$9,0),MATCH(N$3,q!$B$1:$S$1,0)) -> 22.956511 | O62: =INDEX(q!$B$2:$S$9,MATCH($L62,q!$A$2:$A$9,0),MATCH(O$3,q!$B$1:$S$1,0)) -> 23.035734 | P62: =INDEX(q!$B$2:$S$9,MATCH($L62,q!$A$2:$A$9,0),MATCH(P$3,q!$B$1:$S$1,0)) -> 17.830475 | Q62: =INDEX(q!$B$2:$S$9,MATCH($L62,q!$A$2:$A$9,0),MATCH(Q$3,q!$B$1:$S$1,0)) -> 15.579122 | R62: =INDEX(q!$B$2:$S$9,MATCH($L62,q!$A$2:$A$9,0),MATCH(R$3,q!$B$1:$S$1,0)) -> 14.10681 | S62: =INDEX(q!$B$2:$S$9,MATCH($L62,q!$A$2:$A$9,0),MATCH(S$3,q!$B$1:$S$1,0)) -> 14.714269
B63: * Төсөөлөл, **Оны эхнээс хуримтлагдсан дүн
C66: GDP mnt | D66: 43.55 | E66: 53.85 | F66: 70.44 | G66: 80.66 | H66: =H23/H24*100 -> 81.519123 | I66: =H66 -> 81.519123 | J66: =I66 -> 81.519123
C67: GDP usd | D67: =D66/D9*1000 -> 15.284241 | E67: =E66/E9*1000 -> 15.633165 | F67: =F66/F9*1000 -> 20.652713 | G67: =G66/G9*1000 -> 23.581624 | H67: =H66/H9*1000 -> 23.373922 | I67: =H67 -> 23.373922 | J67: =I67 -> 23.373922
E69: =E66/D66 -> 1.2365098

Sheet table
B2: Макро эдийн засгийн хүснэгт - 25Q3
M3: 21Q4 | N3: 22Q4 | O3: 23Q4 | P3: 24Q4 | Q3: 25Q1 | R3: 25Q2 | S3: 25Q3
D4: 21Y | E4: 22Y | F4: 23Y | G4: 24Y | H4: 25Q1 | I4: 25Q2 | J4: 25Q3 | M4: 21M12 | N4: 22M12 | O4: 23M12 | P4: 24M12 | Q4: 25M03 | R4: 25M06 | S4: 25M09 | U4: 25M03 | V4: 25M06 | W4: 25M07
B6: Инфляци | C6: %, жилийн (YoY) | D6: =M6 -> 13.826662 | E6: =N6 -> 13.243298 | F6: =O6 -> 7.9239441 | G6: =P6 -> 8.3598213 | H6: =Q6 -> 9.1020943 | I6: =R6 -> 8.186335 | J6: =S6 -> 9.0299817 | L6: cpi_yoy | M6: =INDEX(m!$B$2:$AY$51,MATCH(table!$L6,m!$A$2:$A$51,0),MATCH(table!M$4,m!$B$1:$AY$1,0)) -> 13.826662 | N6: =INDEX(m!$B$2:$AY$51,MATCH(table!$L6,m!$A$2:$A$51,0),MATCH(table!N$4,m!$B$1:$AY$1,0)) -> 13.243298 | O6: =INDEX(m!$B$2:$AY$51,MATCH(table!$L6,m!$A$2:$A$51,0),MATCH(table!O$4,m!$B$1:$AY$1,0)) -> 7.9239441 | P6: =INDEX(m!$B$2:$AY$51,MATCH(table!$L6,m!$A$2:$A$51,0),MATCH(table!P$4,m!$B$1:$AY$1,0)) -> 8.3598213 | Q6: =INDEX(m!$B$2:$AY$51,MATCH(table!$L6,m!$A$2:$A$51,0),MATCH(table!Q$4,m!$B$1:$AY$1,0)) -> 9.1020943 | R6: =INDEX(m!$B$2:$AY$51,MATCH(table!$L6,m!$A$2:$A$51,0),MATCH(table!R$4,m!$B$1:$AY$1,0)) -> 8.186335 | S6: =INDEX(m!$B$2:$AY$51,MATCH(table!$L6,m!$A$2:$A$51,0),MATCH(table!S$4,m!$B$1:$AY$1,0)) -> 9.0299817 | U6: 9.1020943 | V6: 8.186335 | W6: 8.0997478
C7: %, улирлын (QoQ) | I7: =R7 -> 3.1141627 | J7: =S7 -> 7.0592549 | L7: cpi_qoq | M7: =INDEX(m!$B$2:$AY$51,MATCH(table!$L7,m!$A$2:$A$51,0),MATCH(table!M$4,m!$B$1:$AY$1,0)) -> 15.683225 | N7: =INDEX(m!$B$2:$AY$51,MATCH(table!$L7,m!$A$2:$A$51,0),MATCH(table!N$4,m!$B$1:$AY$1,0)) -> 13.55178 | O7: =INDEX(m!$B$2:$AY$51,MATCH(table!$L7,m!$A$2:$A$51,0),MATCH(table!O$4,m!$B$1:$AY$1,0)) -> 5.5238011 | P7: =INDEX(m!$B$2:$AY$51,MATCH(table!$L7,m!$A$2:$A$51,0),MATCH(table!P$4,m!$B$1:$AY$1,0)) -> 13.263454 | Q7: =INDEX(m!$B$2:$AY$51,MATCH(table!$L7,m!$A$2:$A$51,0),MATCH(table!Q$4,m!$B$1:$AY$1,0)) -> 11.59796 | R7: =INDEX(m!$B$2:$AY$51,MATCH(table!$L7,m!$A$2:$A$51,0),MATCH(table!R$4,m!$B$1:$AY$1,0)) -> 3.1141627 | S7: =INDEX(m!$B$2:$AY$51,MATCH(table!$L7,m!$A$2:$A$51,0),MATCH(table!S$4,m!$B$1:$AY$1,0)) -> 7.0592549 | U7: 2.8994899 | V7: 0.77854068 | W7: 0.39314573
C8: %, улирлын (QoQ @ar) | H8: =Q8 -> 11.59796 | I8: =R8 -> 3.1141627 | J8: =S8 -> 7.0592549 | L8: cpi_qoq | M8: =INDEX(m!$B$2:$AY$51,MATCH(table!$L8,m!$A$2:$A$51,0),MATCH(table!M$4,m!$B$1:$AY$1,0)) -> 15.683225 | N8: =INDEX(m!$B$2:$AY$51,MATCH(table!$L8,m!$A$2:$A$51,0),MATCH(table!N$4,m!$B$1:$AY$1,0)) -> 13.55178 | O8: =INDEX(m!$B$2:$AY$51,MATCH(table!$L8,m!$A$2:$A$51,0),MATCH(table!O$4,m!$B$1:$AY$1,0)) -> 5.5238011 | P8: =INDEX(m!$B$2:$AY$51,MATCH(table!$L8,m!$A$2:$A$51,0),MATCH(table!P$4,m!$B$1:$AY$1,0)) -> 13.263454 | Q8: =INDEX(m!$B$2:$AY$51,MATCH(table!$L8,m!$A$2:$A$51,0),MATCH(table!Q$4,m!$B$1:$AY$1,0)) -> 11.59796 | R8: =INDEX(m!$B$2:$AY$51,MATCH(table!$L8,m!$A$2:$A$51,0),MATCH(table!R$4,m!$B$1:$AY$1,0)) -> 3.1141627 | S8: =INDEX(m!$B$2:$AY$51,MATCH(table!$L8,m!$A$2:$A$51,0),MATCH(table!S$4,m!$B$1:$AY$1,0)) -> 7.0592549 | U8: 0.34988316 | V8: 0.23000865 | W8: -0.050507483
B9: Ам.доллар | D9: =M9 -> 2849.34 | E9: =N9 -> 3444.6 | F9: =O9 -> 3410.69 | G9: =P9 -> 3420.46 | H9: =Q9 -> 3487.61 | I9: =R9 -> 3580.94 | J9: =S9 -> 3594.64 | L9: usd_mnt | M9: =INDEX(m!$B$2:$AY$51,MATCH(table!$L9,m!$A$2:$A$51,0),MATCH(table!M$4,m!$B$1:$AY$1,0)) -> 2849.34 | N9: =INDEX(m!$B$2:$AY$51,MATCH(table!$L9,m!$A$2:$A$51,0),MATCH(table!N$4,m!$B$1:$AY$1,0)) -> 3444.6 | O9: =INDEX(m!$B$2:$AY$51,MATCH(table!$L9,m!$A$2:$A$51,0),MATCH(table!O$4,m!$B$1:$AY$1,0)) -> 3410.69 | P9: =INDEX(m!$B$2:$AY$51,MATCH(table!$L9,m!$A$2:$A$51,0),MATCH(table!P$4,m!$B$1:$AY$1,0)) -> 3420.46 | Q9: =INDEX(m!$B$2:$AY$51,MATCH(table!$L9,m!$A$2:$A$51,0),MATCH(table!Q$4,m!$B$1:$AY$1,0)) -> 3487.61 | R9: =INDEX(m!$B$2:$AY$51,MATCH(table!$L9,m!$A$2:$A$51,0),MATCH(table!R$4,m!$B$1:$AY$1,0)) -> 3580.94 | S9: =INDEX(m!$B$2:$AY$51,MATCH(table!$L9,m!$A$2:$A$51,0),MATCH(table!S$4,m!$B$1:$AY$1,0)) -> 3594.64 | U9: 3487.61 | V9: 3580.94 | W9: 3587.49
C10: %, жилийн (YoY) | D10: =M10 -> -0.01929899 | E10: =N10 -> 20.891154 | F10: =O10 -> -0.98443941 | G10: =P10 -> 0.2864523 | H10: =Q10 -> 3.3062894 | I10: =R10 -> 5.9120687 | J10: =S10 -> 6.3210418 | L10: usd_mnt_yoy | M10: =INDEX(m!$B$2:$AY$51,MATCH(table!$L10,m!$A$2:$A$51,0),MATCH(table!M$4,m!$B$1:$AY$1,0)) -> -0.01929899 | N10: =INDEX(m!$B$2:$AY$51,MATCH(table!$L10,m!$A$2:$A$51,0),MATCH(table!N$4,m!$B$1:$AY$1,0)) -> 20.891154 | O10: =INDEX(m!$B$2:$AY$51,MATCH(table!$L10,m!$A$2:$A$51,0),MATCH(table!O$4,m!$B$1:$AY$1,0)) -> -0.98443941 | P10: =INDEX(m!$B$2:$AY$51,MATCH(table!$L10,m!$A$2:$A$51,0),MATCH(table!P$4,m!$B$1:$AY$1,0)) -> 0.2864523 | Q10: =INDEX(m!$B$2:$AY$51,MATCH(table!$L10,m!$A$2:$A$51,0),MATCH(table!Q$4,m!$B$1:$AY$1,0)) -> 3.3062894 | R10: =INDEX(m!$B$2:$AY$51,MATCH(table!$L10,m!$A$2:$A$51,0),MATCH(table!R$4,m!$B$1:$AY$1,0)) -> 5.9120687 | S10: =INDEX(m!$B$2:$AY$51,MATCH(table!$L10,m!$A$2:$A$51,0),MATCH(table!S$4,m!$B$1:$AY$1,0)) -> 6.3210418 | U10: 3.3062894 | V10: 5.9120687 | W10: 6.1133279
C11: %, улирлын (QoQ) | I11: =R11 -> 10.704179 | J11: =S11 -> 1.5303244 | L11: usd_mnt_qoq | M11: =INDEX(m!$B$2:$AY$51,MATCH(table!$L11,m!$A$2:$A$51,0),MATCH(table!M$4,m!$B$1:$AY$1,0)) -> 0.01965464 | N11: =INDEX(m!$B$2:$AY$51,MATCH(table!$L11,m!$A$2:$A$51,0),MATCH(table!N$4,m!$B$1:$AY$1,0)) -> 13.390859 | O11: =INDEX(m!$B$2:$AY$51,MATCH(table!$L11,m!$A$2:$A$51,0),MATCH(table!O$4,m!$B$1:$AY$1,0)) -> -5.6435901 | P11: =INDEX(m!$B$2:$AY$51,MATCH(table!$L11,m!$A$2:$A$51,0),MATCH(table!P$4,m!$B$1:$AY$1,0)) -> 4.6768197 | Q11: =INDEX(m!$B$2:$AY$51,MATCH(table!$L11,m!$A$2:$A$51,0),MATCH(table!Q$4,m!$B$1:$AY$1,0)) -> 7.852745 | R11: =INDEX(m!$B$2:$AY$51,MATCH(table!$L11,m!$A$2:$A$51,0),MATCH(table!R$4,m!$B$1:$AY$1,0)) -> 10.704179 | S11: =INDEX(m!$B$2:$AY$51,MATCH(table!$L11,m!$A$2:$A$51,0),MATCH(table!S$4,m!$B$1:$AY$1,0)) -> 1.5303244 | U11: 1.9631862 | V11: 2.6760446 | W11: 0.46683955
C12: %, улирлын (QoQ @ar) | H12: =Q12 -> 7.852745 | I12: =R12 -> 10.704179 | J12: =S12 -> 1.5303244 | L12: usd_mnt_qoq | M12: =INDEX(m!$B$2:$AY$51,MATCH(table!$L12,m!$A$2:$A$51,0),MATCH(table!M$4,m!$B$1:$AY$1,0)) -> 0.01965464 | N12: =INDEX(m!$B$2:$AY$51,MATCH(table!$L12,m!$A$2:$A$51,0),MATCH(table!N$4,m!$B$1:$AY$1,0)) -> 13.390859 | O12: =INDEX(m!$B$2:$AY$51,MATCH(table!$L12,m!$A$2:$A$51,0),MATCH(table!O$4,m!$B$1:$AY$1,0)) -> -5.6435901 | P12: =INDEX(m!$B$2:$AY$51,MATCH(table!$L12,m!$A$2:$A$51,0),MATCH(table!P$4,m!$B$1:$AY$1,0)) -> 4.6768197 | Q12: =INDEX(m!$B$2:$AY$51,MATCH(table!$L12,m!$A$2:$A$51,0),MATCH(table!Q$4,m!$B$1:$AY$1,0)) -> 7.852745 | R12: =INDEX(m!$B$2:$AY$51,MATCH(table!$L12,m!$A$2:$A$51,0),MATCH(table!R$4,m!$B$1:$AY$1,0)) -> 10.704179 | S12: =INDEX(m!$B$2:$AY$51,MATCH(table!$L12,m!$A$2:$A$51,0),MATCH(table!S$4,m!$B$1:$AY$1,0)) -> 1.5303244 | U12: 0.60723022 | V12: 0.19558192 | W12: 0.18291287
B13: Хятадын юань | D13: =M13 -> 446.96 | E13: =N13 -> 495.4 | F13: =O13 -> 480.01 | G13: =P13 -> 468.6 | H13: =Q13 -> 480.91 | I13: =R13 -> 499.76 | J13: =S13 -> 505.01 | L13: cny_mnt | M13: =INDEX(m!$B$2:$AY$51,MATCH(table!$L13,m!$A$2:$A$51,0),MATCH(table!M$4,m!$B$1:$AY$1,0)) -> 446.96 | N13: =INDEX(m!$B$2:$AY$51,MATCH(table!$L13,m!$A$2:$A$51,0),MATCH(table!N$4,m!$B$1:$AY$1,0)) -> 495.4 | O13: =INDEX(m!$B$2:$AY$51,MATCH(table!$L13,m!$A$2:$A$51,0),MATCH(table!O$4,m!$B$1:$AY$1,0)) -> 480.01 | P13: =INDEX(m!$B$2:$AY$51,MATCH(table!$L13,m!$A$2:$A$51,0),MATCH(table!P$4,m!$B$1:$AY$1,0)) -> 468.6 | Q13: =INDEX(m!$B$2:$AY$51,MATCH(table!$L13,m!$A$2:$A$51,0),MATCH(table!Q$4,m!$B$1:$AY$1,0)) -> 480.91 | R13: =INDEX(m!$B$2:$AY$51,MATCH(table!$L13,m!$A$2:$A$51,0),MATCH(table!R$4,m!$B$1:$AY$1,0)) -> 499.76 | S13: =INDEX(m!$B$2:$AY$51,MATCH(table!$L13,m!$A$2:$A$51,0),MATCH(table!S$4,m!$B$1:$AY$1,0)) -> 505.01 | U13: 480.91 | V13: 499.76 | W13: 498.81
C14: %, жилийн (YoY) | D14: =M14 -> 2.4597116 | E14: =N14 -> 10.837659 | F14: =O14 -> -3.1065805 | G14: =P14 -> -2.3770338 | H14: =Q14 -> 2.9102737 | I14: =R14 -> 7.4429204 | J14: =S14 -> 4.7521261 | L14: cny_mnt_yoy | M14: =INDEX(m!$B$2:$AY$51,MATCH(table!$L14,m!$A$2:$A$51,0),MATCH(table!M$4,m!$B$1:$AY$1,0)) -> 2.4597116 | N14: =INDEX(m!$B$2:$AY$51,MATCH(table!$L14,m!$A$2:$A$51,0),MATCH(table!N$4,m!$B$1:$AY$1,0)) -> 10.837659 | O14: =INDEX(m!$B$2:$AY$51,MATCH(table!$L14,m!$A$2:$A$51,0),MATCH(table!O$4,m!$B$1:$AY$1,0)) -> -3.1065805 | P14: =INDEX(m!$B$2:$AY$51,MATCH(table!$L14,m!$A$2:$A$51,0),MATCH(table!P$4,m!$B$1:$AY$1,0)) -> -2.3770338 | Q14: =INDEX(m!$B$2:$AY$51,MATCH(table!$L14,m!$A$2:$A$51,0),MATCH(table!Q$4,m!$B$1:$AY$1,0)) -> 2.9102737 | R14: =INDEX(m!$B$2:$AY$51,MATCH(table!$L14,m!$A$2:$A$51,0),MATCH(table!R$4,m!$B$1:$AY$1,0)) -> 7.4429204 | S14: =INDEX(m!$B$2:$AY$51,MATCH(table!$L14,m!$A$2:$A$51,0),MATCH(table!S$4,m!$B$1:$AY$1,0)) -> 4.7521261 | U14: 2.9102737 | V14: 7.4429204 | W14: 6.5537351
C15: %, улирлын (QoQ) | I15: =R15 -> 15.678609 | J15: =S15 -> 4.202017 | L15: cny_mnt_qoq | M15: =INDEX(m!$B$2:$AY$51,MATCH(table!$L15,m!$A$2:$A$51,0),MATCH(table!M$4,m!$B$1:$AY$1,0)) -> 5.5898367 | N15: =INDEX(m!$B$2:$AY$51,MATCH(table!$L15,m!$A$2:$A$51,0),MATCH(table!N$4,m!$B$1:$AY$1,0)) -> 28.40774 | O15: =INDEX(m!$B$2:$AY$51,MATCH(table!$L15,m!$A$2:$A$51,0),MATCH(table!O$4,m!$B$1:$AY$1,0)) -> 5.2341656 | P15: =INDEX(m!$B$2:$AY$51,MATCH(table!$L15,m!$A$2:$A$51,0),MATCH(table!P$4,m!$B$1:$AY$1,0)) -> -11.200996 | Q15: =INDEX(m!$B$2:$AY$51,MATCH(table!$L15,m!$A$2:$A$51,0),MATCH(table!Q$4,m!$B$1:$AY$1,0)) -> 10.507896 | R15: =INDEX(m!$B$2:$AY$51,MATCH(table!$L15,m!$A$2:$A$51,0),MATCH(table!R$4,m!$B$1:$AY$1,0)) -> 15.678609 | S15: =INDEX(m!$B$2:$AY$51,MATCH(table!$L15,m!$A$2:$A$51,0),MATCH(table!S$4,m!$B$1:$AY$1,0)) -> 4.202017 | U15: 2.626974 | V15: 3.9196523 | W15: 1.4707677
C16: %, улирлын (QoQ @ar) | H16: =Q16 -> 10.507896 | I16: =R16 -> 15.678609 | J16: =S16 -> 4.202017 | L16: cny_mnt_qoq | M16: =INDEX(m!$B$2:$AY$51,MATCH(table!$L16,m!$A$2:$A$51,0),MATCH(table!M$4,m!$B$1:$AY$1,0)) -> 5.5898367 | N16: =INDEX(m!$B$2:$AY$51,MATCH(table!$L16,m!$A$2:$A$51,0),MATCH(table!N$4,m!$B$1:$AY$1,0)) -> 28.40774 | O16: =INDEX(m!$B$2:$AY$51,MATCH(table!$L16,m!$A$2:$A$51,0),MATCH(table!O$4,m!$B$1:$AY$1,0)) -> 5.2341656 | P16: =INDEX(m!$B$2:$AY$51,MATCH(table!$L16,m!$A$2:$A$51,0),MATCH(table!P$4,m!$B$1:$AY$1,0)) -> -11.200996 | Q16: =INDEX(m!$B$2:$AY$51,MATCH(table!$L16,m!$A$2:$A$51,0),MATCH(table!Q$4,m!$B$1:$AY$1,0)) -> 10.507896 | R16: =INDEX(m!$B$2:$AY$51,MATCH(table!$L16,m!$A$2:$A$51,0),MATCH(table!R$4,m!$B$1:$AY$1,0)) -> 15.678609 | S16: =INDEX(m!$B$2:$AY$51,MATCH(table!$L16,m!$A$2:$A$51,0),MATCH(table!S$4,m!$B$1:$AY$1,0)) -> 4.202017 | U16: 1.0527422 | V16: 0.62822165 | W16: -0.19009124
B17: Бодлогын хүү | C17: %, жилийн | D17: =M17 -> 6 | E17: =N17 -> 13 | F17: =O17 -> 13 | G17: =P17 -> 10 | H17: =Q17 -> 11.715064 | I17: =R17 -> 12 | J17: =S17 -> 12 | L17: rate_pol | M17: =INDEX(m!$B$2:$AY$51,MATCH(table!$L17,m!$A$2:$A$51,0),MATCH(table!M$4,m!$B$1:$AY$1,0)) -> 6 | N17: =INDEX(m!$B$2:$AY$51,MATCH(table!$L17,m!$A$2:$A$51,0),MATCH(table!N$4,m!$B$1:$AY$1,0)) -> 13 | O17: =INDEX(m!$B$2:$AY$51,MATCH(table!$L17,m!$A$2:$A$51,0),MATCH(table!O$4,m!$B$1:$AY$1,0)) -> 13 | P17: =INDEX(m!$B$2:$AY$51,MATCH(table!$L17,m!$A$2:$A$51,0),MATCH(table!P$4,m!$B$1:$AY$1,0)) -> 10 | Q17: =INDEX(m!$B$2:$AY$51,MATCH(table!$L17,m!$A$2:$A$51,0),MATCH(table!Q$4,m!$B$1:$AY$1,0)) -> 11.715064 | R17: =INDEX(m!$B$2:$AY$51,MATCH(table!$L17,m!$A$2:$A$51,0),MATCH(table!R$4,m!$B$1:$AY$1,0)) -> 12 | S17: =INDEX(m!$B$2:$AY$51,MATCH(table!$L17,m!$A$2:$A$51,0),MATCH(table!S$4,m!$B$1:$AY$1,0)) -> 12 | U17: 11.715064 | V17: 12 | W17: 12
B18: Хадгаламжийн хүү | C18: %, шинэ, хуг-тай, банк | D18: =M18 -> 6.2153547 | E18: =N18 -> 11.083484 | F18: =O18 -> 11.789334 | G18: =P18 -> 12.1318 | H18: =Q18 -> 11.79411 | I18: =R18 -> 12.154919 | J18: =S18 -> 12.205959 | L18: rate_timedepo_mnt_new | M18: =INDEX(m!$B$2:$AY$51,MATCH(table!$L18,m!$A$2:$A$51,0),MATCH(table!M$4,m!$B$1:$AY$1,0)) -> 6.2153547 | N18: =INDEX(m!$B$2:$AY$51,MATCH(table!$L18,m!$A$2:$A$51,0),MATCH(table!N$4,m!$B$1:$AY$1,0)) -> 11.083484 | O18: =INDEX(m!$B$2:$AY$51,MATCH(table!$L18,m!$A$2:$A$51,0),MATCH(table!O$4,m!$B$1:$AY$1,0)) -> 11.789334 | P18: =INDEX(m!$B$2:$AY$51,MATCH(table!$L18,m!$A$2:$A$51,0),MATCH(table!P$4,m!$B$1:$AY$1,0)) -> 12.1318 | Q18: =INDEX(m!$B$2:$AY$51,MATCH(table!$L18,m!$A$2:$A$51,0),MATCH(table!Q$4,m!$B$1:$AY$1,0)) -> 11.79411 | R18: =INDEX(m!$B$2:$AY$51,MATCH(table!$L18,m!$A$2:$A$51,0),MATCH(table!R$4,m!$B$1:$AY$1,0)) -> 12.154919 | S18: =INDEX(m!$B$2:$AY$51,MATCH(table!$L18,m!$A$2:$A$51,0),MATCH(table!S$4,m!$B$1:$AY$1,0)) -> 12.205959 | U18: 16.953088 | V18: 17.27256 | W18: 17.09868
B19: Зээлийн хүү | C19: %, шинэ, банк | D19: =M19 -> 14.286499 | E19: =N19 -> 15.715657 | F19: =O19 -> 16.738576 | G19: =P19 -> 16.912679 | H19: =Q19 -> 16.953088 | I19: =R19 -> 17.27256 | J19: =S19 -> 17.260008 | L19: rate_loan_mnt_new | M19: =INDEX(m!$B$2:$AY$51,MATCH(table!$L19,m!$A$2:$A$51,0),MATCH(table!M$4,m!$B$1:$AY$1,0)) -> 14.286499 | N19: =INDEX(m!$B$2:$AY$51,MATCH(table!$L19,m!$A$2:$A$51,0),MATCH(table!N$4,m!$B$1:$AY$1,0)) -> 15.715657 | O19: =INDEX(m!$B$2:$AY$51,MATCH(table!$L19,m!$A$2:$A$51,0),MATCH(table!O$4,m!$B$1:$AY$1,0)) -> 16.738576 | P19: =INDEX(m!$B$2:$AY$51,MATCH(table!$L19,m!$A$2:$A$51,0),MATCH(table!P$4,m!$B$1:$AY$1,0)) -> 16.912679 | Q19: =INDEX(m!$B$2:$AY$51,MATCH(table!$L19,m!$A$2:$A$51,0),MATCH(table!Q$4,m!$B$1:$AY$1,0)) -> 16.953088 | R19: =INDEX(m!$B$2:$AY$51,MATCH(table!$L19,m!$A$2:$A$51,0),MATCH(table!R$4,m!$B$1:$AY$1,0)) -> 17.27256 | S19: =INDEX(m!$B$2:$AY$51,MATCH(table!$L19,m!$A$2:$A$51,0),MATCH(table!S$4,m!$B$1:$AY$1,0)) -> 17.260008 | U19: 11.79411 | V19: 12.154919 | W19: 11.664904
B20: Мөнгөний нийлүүлэлт | C20: %, жилийн (YoY) | D20: =M20 -> 13.817915 | E20: =N20 -> 6.4648482 | F20: =O20 -> 26.830692 | G20: =P20 -> 15.176127 | H20: =Q20 -> 10.917553 | I20: =R20 -> 3.694507 | J20: =S20 -> 5.5599996 | L20: ms_m2_yoy | M20: =INDEX(m!$B$2:$AY$51,MATCH(table!$L20,m!$A$2:$A$51,0),MATCH(table!M$4,m!$B$1:$AY$1,0)) -> 13.817915 | N20: =INDEX(m!$B$2:$AY$51,MATCH(table!$L20,m!$A$2:$A$51,0),MATCH(table!N$4,m!$B$1:$AY$1,0)) -> 6.4648482 | O20: =INDEX(m!$B$2:$AY$51,MATCH(table!$L20,m!$A$2:$A$51,0),MATCH(table!O$4,m!$B$1:$AY$1,0)) -> 26.830692 | P20: =INDEX(m!$B$2:$AY$51,MATCH(table!$L20,m!$A$2:$A$51,0),MATCH(table!P$4,m!$B$1:$AY$1,0)) -> 15.176127 | Q20: =INDEX(m!$B$2:$AY$51,MATCH(table!$L20,m!$A$2:$A$51,0),MATCH(table!Q$4,m!$B$1:$AY$1,0)) -> 10.917553 | R20: =INDEX(m!$B$2:$AY$51,MATCH(table!$L20,m!$A$2:$A$51,0),MATCH(table!R$4,m!$B$1:$AY$1,0)) -> 3.694507 | S20: =INDEX(m!$B$2:$AY$51,MATCH(table!$L20,m!$A$2:$A$51,0),MATCH(table!S$4,m!$B$1:$AY$1,0)) -> 5.5599996 | U20: 10.917553 | V20: 3.694507 | W20: 3.1831038
C21: %, улирлын (QoQ @ar) | I21: =R21 -> 14.61722 | J21: =S21 -> 10.489942 | L21: ms_m2_qoq | M21: =INDEX(m!$B$2:$AY$51,MATCH(table!$L21,m!$A$2:$A$51,0),MATCH(table!M$4,m!$B$1:$AY$1,0)) -> 8.8922852 | N21: =INDEX(m!$B$2:$AY$51,MATCH(table!$L21,m!$A$2:$A$51,0),MATCH(table!N$4,m!$B$1:$AY$1,0)) -> 32.068315 | O21: =INDEX(m!$B$2:$AY$51,MATCH(table!$L21,m!$A$2:$A$51,0),MATCH(table!O$4,m!$B$1:$AY$1,0)) -> 53.155141 | P21: =INDEX(m!$B$2:$AY$51,MATCH(table!$L21,m!$A$2:$A$51,0),MATCH(table!P$4,m!$B$1:$AY$1,0)) -> 14.651926 | Q21: =INDEX(m!$B$2:$AY$51,MATCH(table!$L21,m!$A$2:$A$51,0),MATCH(table!Q$4,m!$B$1:$AY$1,0)) -> -17.081982 | R21: =INDEX(m!$B$2:$AY$51,MATCH(table!$L21,m!$A$2:$A$51,0),MATCH(table!R$4,m!$B$1:$AY$1,0)) -> 14.61722 | S21: =INDEX(m!$B$2:$AY$51,MATCH(table!$L21,m!$A$2:$A$51,0),MATCH(table!S$4,m!$B$1:$AY$1,0)) -> 10.489942 | U21: -4.2704954 | V21: 3.6543051 | W21: 3.7934651
C22: Дүн, их наяд төг. | D22: =M22 -> 27.863477 | E22: =N22 -> 29.664808 | F22: =O22 -> 37.624081 | G22: =P22 -> 43.33396 | H22: =Q22 -> 41.483385 | I22: =R22 -> 42.999314 | J22: =S22 -> 44.126965 | L22: ms_m2 | M22: =INDEX(m!$B$2:$AY$51,MATCH(table!$L22,m!$A$2:$A$51,0),MATCH(table!M$4,m!$B$1:$AY$1,0)) -> 27.863477 | N22: =INDEX(m!$B$2:$AY$51,MATCH(table!$L22,m!$A$2:$A$51,0),MATCH(table!N$4,m!$B$1:$AY$1,0)) -> 29.664808 | O22: =INDEX(m!$B$2:$AY$51,MATCH(table!$L22,m!$A$2:$A$51,0),MATCH(table!O$4,m!$B$1:$AY$1,0)) -> 37.624081 | P22: =INDEX(m!$B$2:$AY$51,MATCH(table!$L22,m!$A$2:$A$51,0),MATCH(table!P$4,m!$B$1:$AY$1,0)) -> 43.33396 | Q22: =INDEX(m!$B$2:$AY$51,MATCH(table!$L22,m!$A$2:$A$51,0),MATCH(table!Q$4,m!$B$1:$AY$1,0)) -> 41.483385 | R22: =INDEX(m!$B$2:$AY$51,MATCH(table!$L22,m!$A$2:$A$51,0),MATCH(table!R$4,m!$B$1:$AY$1,0)) -> 42.999314 | S22: =INDEX(m!$B$2:$AY$51,MATCH(table!$L22,m!$A$2:$A$51,0),MATCH(table!S$4,m!$B$1:$AY$1,0)) -> 44.126965 | U22: 41.483385 | V22: 42.999314 | W22: 43.083566
C23: %, ДНБ харьцах | D23: =M23 -> 63.972372 | E23: =N23 -> 55.086272 | F23: =O23 -> 53.4118 | G23: =P23 -> 53.722193 | H23: =Q23 -> 50.887918 | I23: =R23 -> 51.238495 | J23: =J22/J62*100 -> 54.130814 | L23: m2_gdp | M23: =INDEX(m!$B$2:$AY$51,MATCH(table!$L23,m!$A$2:$A$51,0),MATCH(table!M$4,m!$B$1:$AY$1,0)) -> 63.972372 | N23: =INDEX(m!$B$2:$AY$51,MATCH(table!$L23,m!$A$2:$A$51,0),MATCH(table!N$4,m!$B$1:$AY$1,0)) -> 55.086272 | O23: =INDEX(m!$B$2:$AY$51,MATCH(table!$L23,m!$A$2:$A$51,0),MATCH(table!O$4,m!$B$1:$AY$1,0)) -> 53.4118 | P23: =INDEX(m!$B$2:$AY$51,MATCH(table!$L23,m!$A$2:$A$51,0),MATCH(table!P$4,m!$B$1:$AY$1,0)) -> 53.722193 | Q23: =INDEX(m!$B$2:$AY$51,MATCH(table!$L23,m!$A$2:$A$51,0),MATCH(table!Q$4,m!$B$1:$AY$1,0)) -> 50.887918 | R23: =INDEX(m!$B$2:$AY$51,MATCH(table!$L23,m!$A$2:$A$51,0),MATCH(table!R$4,m!$B$1:$AY$1,0)) -> 51.238495 | S23: =INDEX(m!$B$2:$AY$51,MATCH(table!$L23,m!$A$2:$A$51,0),MATCH(table!S$4,m!$B$1:$AY$1,0)) -> 51.696158 | U23: 50.307353
B24: Банкны зээл | C24: %, жилийн (YoY) | D24: =M24 -> 21.856801 | E24: =N24 -> 8.326797 | F24: =O24 -> 21.879296 | G24: =P24 -> 34.61869 | H24: =Q24 -> 32.779266 | I24: =R24 -> 27.109139 | J24: =S24 -> 22.760333 | L24: bank_ass_credit_nfi_yoy | M24: =INDEX(m!$B$2:$AY$51,MATCH(table!$L24,m!$A$2:$A$51,0),MATCH(table!M$4,m!$B$1:$AY$1,0)) -> 21.856801 | N24: =INDEX(m!$B$2:$AY$51,MATCH(table!$L24,m!$A$2:$A$51,0),MATCH(table!N$4,m!$B$1:$AY$1,0)) -> 8.326797 | O24: =INDEX(m!$B$2:$AY$51,MATCH(table!$L24,m!$A$2:$A$51,0),MATCH(table!O$4,m!$B$1:$AY$1,0)) -> 21.879296 | P24: =INDEX(m!$B$2:$AY$51,MATCH(table!$L24,m!$A$2:$A$51,0),MATCH(table!P$4,m!$B$1:$AY$1,0)) -> 34.61869 | Q24: =INDEX(m!$B$2:$AY$51,MATCH(table!$L24,m!$A$2:$A$51,0),MATCH(table!Q$4,m!$B$1:$AY$1,0)) -> 32.779266 | R24: =INDEX(m!$B$2:$AY$51,MATCH(table!$L24,m!$A$2:$A$51,0),MATCH(table!R$4,m!$B$1:$AY$1,0)) -> 27.109139 | S24: =INDEX(m!$B$2:$AY$51,MATCH(table!$L24,m!$A$2:$A$51,0),MATCH(table!S$4,m!$B$1:$AY$1,0)) -> 22.760333 | U24: 32.779266 | V24: 27.109139 | W24: 27.384671
C25: %, улирлын (QoQ @ar) | H25: =Q25 -> 19.732671 | I25: =R25 -> 39.591237 | J25: =S25 -> 5.8031325 | L25: bank_ass_credit_nfi_qoq | M25: =INDEX(m!$B$2:$AY$51,MATCH(table!$L25,m!$A$2:$A$51,0),MATCH(table!M$4,m!$B$1:$AY$1,0)) -> 13.679303 | N25: =INDEX(m!$B$2:$AY$51,MATCH(table!$L25,m!$A$2:$A$51,0),MATCH(table!N$4,m!$B$1:$AY$1,0)) -> -6.8829885 | O25: =INDEX(m!$B$2:$AY$51,MATCH(table!$L25,m!$A$2:$A$51,0),MATCH(table!O$4,m!$B$1:$AY$1,0)) -> 19.694894 | P25: =INDEX(m!$B$2:$AY$51,MATCH(table!$L25,m!$A$2:$A$51,0),MATCH(table!P$4,m!$B$1:$AY$1,0)) -> 19.721123 | Q25: =INDEX(m!$B$2:$AY$51,MATCH(table!$L25,m!$A$2:$A$51,0),MATCH(table!Q$4,m!$B$1:$AY$1,0)) -> 19.732671 | R25: =INDEX(m!$B$2:$AY$51,MATCH(table!$L25,m!$A$2:$A$51,0),MATCH(table!R$4,m!$B$1:$AY$1,0)) -> 39.591237 | S25: =INDEX(m!$B$2:$AY$51,MATCH(table!$L25,m!$A$2:$A$51,0),MATCH(table!S$4,m!$B$1:$AY$1,0)) -> 5.8031325 | U25: 4.9331678 | V25: 9.8978094 | W25: 7.6359818 | AD25: =H22/H23*100 -> 81.519123
C26: Дүн, их наяд төг. | D26: =M26 -> 20.197435 | E26: =N26 -> 21.879234 | F26: =O26 -> 26.666257 | G26: =P26 -> 35.897765 | H26: =Q26 -> 37.668663 | I26: =R26 -> 41.397035 | J26: =S26 -> 41.997616 | L26: bank_ass_credit_nfi | M26: =INDEX(m!$B$2:$AY$51,MATCH(table!$L26,m!$A$2:$A$51,0),MATCH(table!M$4,m!$B$1:$AY$1,0)) -> 20.197435 | N26: =INDEX(m!$B$2:$AY$51,MATCH(table!$L26,m!$A$2:$A$51,0),MATCH(table!N$4,m!$B$1:$AY$1,0)) -> 21.879234 | O26: =INDEX(m!$B$2:$AY$51,MATCH(table!$L26,m!$A$2:$A$51,0),MATCH(table!O$4,m!$B$1:$AY$1,0)) -> 26.666257 | P26: =INDEX(m!$B$2:$AY$51,MATCH(table!$L26,m!$A$2:$A$51,0),MATCH(table!P$4,m!$B$1:$AY$1,0)) -> 35.897765 | Q26: =INDEX(m!$B$2:$AY$51,MATCH(table!$L26,m!$A$2:$A$51,0),MATCH(table!Q$4,m!$B$1:$AY$1,0)) -> 37.668663 | R26: =INDEX(m!$B$2:$AY$51,MATCH(table!$L26,m!$A$2:$A$51,0),MATCH(table!R$4,m!$B$1:$AY$1,0)) -> 41.397035 | S26: =INDEX(m!$B$2:$AY$51,MATCH(table!$L26,m!$A$2:$A$51,0),MATCH(table!S$4,m!$B$1:$AY$1,0)) -> 41.997616
C27: %, ДНБ харьцах | D27: =D26/D62*100 -> 46.377577 | E27: =E26/E62*100 -> 40.629961 | F27: =F26/F62*100 -> 37.856696 | G27: =G26/G62*100 -> 44.50504 | H27: =H26/H62*100 -> 46.208375 | I27: =I26/I62*100 -> 50.781992 | J27: =J26/J62*100 -> 51.518729 | L27: loan_gdp | M27: =INDEX(m!$B$2:$AY$51,MATCH(table!$L27,m!$A$2:$A$51,0),MATCH(table!M$4,m!$B$1:$AY$1,0)) -> 4.6371737e-05 | N27: =INDEX(m!$B$2:$AY$51,MATCH(table!$L27,m!$A$2:$A$51,0),MATCH(table!N$4,m!$B$1:$AY$1,0)) -> 4.0628796e-05 | O27: =INDEX(m!$B$2:$AY$51,MATCH(table!$L27,m!$A$2:$A$51,0),MATCH(table!O$4,m!$B$1:$AY$1,0)) -> 3.7855881e-05 | P27: =INDEX(m!$B$2:$AY$51,MATCH(table!$L27,m!$A$2:$A$51,0),MATCH(table!P$4,m!$B$1:$AY$1,0)) -> 4.4503357e-05 | Q27: =INDEX(m!$B$2:$AY$51,MATCH(table!$L27,m!$A$2:$A$51,0),MATCH(table!Q$4,m!$B$1:$AY$1,0)) -> 4.6208375e-05 | R27: =INDEX(m!$B$2:$AY$51,MATCH(table!$L27,m!$A$2:$A$51,0),MATCH(table!R$4,m!$B$1:$AY$1,0)) -> 4.93292e-05 | S27: =INDEX(m!$B$2:$AY$51,MATCH(table!$L27,m!$A$2:$A$51,0),MATCH(table!S$4,m!$B$1:$AY$1,0)) -> 4.9201557e-05 | U27: 45.681198
B28: Банкны зээл /иргэд/ | C28: %, жилийн (YoY) | D28: =M28 -> 21.788529 | E28: =N28 -> 11.139411 | F28: =O28 -> 32.454539 | G28: =P28 -> 42.418936 | H28: =Q28 -> 36.083349 | I28: =R28 -> 26.618682 | J28: =S28 -> 21.313132 | L28: dc_loan_ind_yoy | M28: =INDEX(m!$B$2:$AY$51,MATCH(table!$L28,m!$A$2:$A$51,0),MATCH(table!M$4,m!$B$1:$AY$1,0)) -> 21.788529 | N28: =INDEX(m!$B$2:$AY$51,MATCH(table!$L28,m!$A$2:$A$51,0),MATCH(table!N$4,m!$B$1:$AY$1,0)) -> 11.139411 | O28: =INDEX(m!$B$2:$AY$51,MATCH(table!$L28,m!$A$2:$A$51,0),MATCH(table!O$4,m!$B$1:$AY$1,0)) -> 32.454539 | P28: =INDEX(m!$B$2:$AY$51,MATCH(table!$L28,m!$A$2:$A$51,0),MATCH(table!P$4,m!$B$1:$AY$1,0)) -> 42.418936 | Q28: =INDEX(m!$B$2:$AY$51,MATCH(table!$L28,m!$A$2:$A$51,0),MATCH(table!Q$4,m!$B$1:$AY$1,0)) -> 36.083349 | R28: =INDEX(m!$B$2:$AY$51,MATCH(table!$L28,m!$A$2:$A$51,0),MATCH(table!R$4,m!$B$1:$AY$1,0)) -> 26.618682 | S28: =INDEX(m!$B$2:$AY$51,MATCH(table!$L28,m!$A$2:$A$51,0),MATCH(table!S$4,m!$B$1:$AY$1,0)) -> 21.313132 | U28: 36.083349 | V28: 26.618682 | W28: 27.245572 | AD28: =H27*$AD$25/100 -> 37.668663 | AE28: =AD28*(1+#REF!/100) -> #REF! | AF28: =AE28*(1+#REF!/100) -> #REF!
C29: %, улирлын (QoQ @ar) | H29: =Q29 -> 20.457406 | I29: =R29 -> 26.658868 | J29: =S29 -> 11.930864 | L29: dc_loan_ind_qoq | M29: =INDEX(m!$B$2:$AY$51,MATCH(table!$L29,m!$A$2:$A$51,0),MATCH(table!M$4,m!$B$1:$AY$1,0)) -> 13.246441 | N29: =INDEX(m!$B$2:$AY$51,MATCH(table!$L29,m!$A$2:$A$51,0),MATCH(table!N$4,m!$B$1:$AY$1,0)) -> -1.0319146 | O29: =INDEX(m!$B$2:$AY$51,MATCH(table!$L29,m!$A$2:$A$51,0),MATCH(table!O$4,m!$B$1:$AY$1,0)) -> 19.474927 | P29: =INDEX(m!$B$2:$AY$51,MATCH(table!$L29,m!$A$2:$A$51,0),MATCH(table!P$4,m!$B$1:$AY$1,0)) -> 20.262524 | Q29: =INDEX(m!$B$2:$AY$51,MATCH(table!$L29,m!$A$2:$A$51,0),MATCH(table!Q$4,m!$B$1:$AY$1,0)) -> 20.457406 | R29: =INDEX(m!$B$2:$AY$51,MATCH(table!$L29,m!$A$2:$A$51,0),MATCH(table!R$4,m!$B$1:$AY$1,0)) -> 26.658868 | S29: =INDEX(m!$B$2:$AY$51,MATCH(table!$L29,m!$A$2:$A$51,0),MATCH(table!S$4,m!$B$1:$AY$1,0)) -> 11.930864 | U29: 5.1143516 | V29: 6.6647171 | W29: 6.030327 | AE29: =AE28/$AD$25*100 -> #REF! | AF29: =AF28/$AD$25*100 -> #REF!
C30: Дүн, их наяд төг. | D30: =M30 -> 10.600693 | E30: =N30 -> 11.781548 | F30: =O30 -> 15.605194 | G30: =P30 -> 22.224752 | H30: =Q30 -> 23.361404 | I30: =R30 -> 24.918375 | J30: =S30 -> 25.66162 | L30: dc_loan_ind | M30: =INDEX(m!$B$2:$AY$51,MATCH(table!$L30,m!$A$2:$A$51,0),MATCH(table!M$4,m!$B$1:$AY$1,0)) -> 10.600693 | N30: =INDEX(m!$B$2:$AY$51,MATCH(table!$L30,m!$A$2:$A$51,0),MATCH(table!N$4,m!$B$1:$AY$1,0)) -> 11.781548 | O30: =INDEX(m!$B$2:$AY$51,MATCH(table!$L30,m!$A$2:$A$51,0),MATCH(table!O$4,m!$B$1:$AY$1,0)) -> 15.605194 | P30: =INDEX(m!$B$2:$AY$51,MATCH(table!$L30,m!$A$2:$A$51,0),MATCH(table!P$4,m!$B$1:$AY$1,0)) -> 22.224752 | Q30: =INDEX(m!$B$2:$AY$51,MATCH(table!$L30,m!$A$2:$A$51,0),MATCH(table!Q$4,m!$B$1:$AY$1,0)) -> 23.361404 | R30: =INDEX(m!$B$2:$AY$51,MATCH(table!$L30,m!$A$2:$A$51,0),MATCH(table!R$4,m!$B$1:$AY$1,0)) -> 24.918375 | S30: =INDEX(m!$B$2:$AY$51,MATCH(table!$L30,m!$A$2:$A$51,0),MATCH(table!S$4,m!$B$1:$AY$1,0)) -> 25.66162
C31: %, ДНБ харьцах | D31: =D30/D62*100 -> 24.34143 | E31: =E30/E62*100 -> 21.878454 | F31: =F30/F62*100 -> 22.153882 | G31: =G30/G62*100 -> 27.553622 | H31: =H30/H62*100 -> 28.657575 | I31: =I30/I62*100 -> 30.567521 | J31: =J30/J62*100 -> 31.479263 | L31: loan_ind_gdp | M31: =INDEX(m!$B$2:$AY$51,MATCH(table!$L31,m!$A$2:$A$51,0),MATCH(table!M$4,m!$B$1:$AY$1,0)) -> 2.4338365e-05 | N31: =INDEX(m!$B$2:$AY$51,MATCH(table!$L31,m!$A$2:$A$51,0),MATCH(table!N$4,m!$B$1:$AY$1,0)) -> 2.1877827e-05 | O31: =INDEX(m!$B$2:$AY$51,MATCH(table!$L31,m!$A$2:$A$51,0),MATCH(table!O$4,m!$B$1:$AY$1,0)) -> 2.2153405e-05 | P31: =INDEX(m!$B$2:$AY$51,MATCH(table!$L31,m!$A$2:$A$51,0),MATCH(table!P$4,m!$B$1:$AY$1,0)) -> 2.755258e-05 | Q31: =INDEX(m!$B$2:$AY$51,MATCH(table!$L31,m!$A$2:$A$51,0),MATCH(table!Q$4,m!$B$1:$AY$1,0)) -> 2.8657575e-05 | R31: =INDEX(m!$B$2:$AY$51,MATCH(table!$L31,m!$A$2:$A$51,0),MATCH(table!R$4,m!$B$1:$AY$1,0)) -> 2.9693033e-05 | S31: =INDEX(m!$B$2:$AY$51,MATCH(table!$L31,m!$A$2:$A$51,0),MATCH(table!S$4,m!$B$1:$AY$1,0)) -> 3.0063412e-05 | U31: 28.330629
B32: Банкны зээл /ААН/ | C32: %, жилийн (YoY) | D32: =M32 -> 23.628687 | E32: =N32 -> 2.93599 | F32: =O32 -> 13.039963 | G32: =P32 -> 20.052926 | H32: =Q32 -> 24.624443 | I32: =R32 -> 25.506298 | J32: =S32 -> 23.89305 | L32: dc_loan_corp_yoy | M32: =INDEX(m!$B$2:$AY$51,MATCH(table!$L32,m!$A$2:$A$51,0),MATCH(table!M$4,m!$B$1:$AY$1,0)) -> 23.628687 | N32: =INDEX(m!$B$2:$AY$51,MATCH(table!$L32,m!$A$2:$A$51,0),MATCH(table!N$4,m!$B$1:$AY$1,0)) -> 2.93599 | O32: =INDEX(m!$B$2:$AY$51,MATCH(table!$L32,m!$A$2:$A$51,0),MATCH(table!O$4,m!$B$1:$AY$1,0)) -> 13.039963 | P32: =INDEX(m!$B$2:$AY$51,MATCH(table!$L32,m!$A$2:$A$51,0),MATCH(table!P$4,m!$B$1:$AY$1,0)) -> 20.052926 | Q32: =INDEX(m!$B$2:$AY$51,MATCH(table!$L32,m!$A$2:$A$51,0),MATCH(table!Q$4,m!$B$1:$AY$1,0)) -> 24.624443 | R32: =INDEX(m!$B$2:$AY$51,MATCH(table!$L32,m!$A$2:$A$51,0),MATCH(table!R$4,m!$B$1:$AY$1,0)) -> 25.506298 | S32: =INDEX(m!$B$2:$AY$51,MATCH(table!$L32,m!$A$2:$A$51,0),MATCH(table!S$4,m!$B$1:$AY$1,0)) -> 23.89305 | U32: 24.624443 | V32: 25.506298 | W32: 25.175621 | AD32: =H31*$AD$25/100 -> 23.361404
C33: %, улирлын (QoQ @ar) | H33: =Q33 -> 17.437692 | I33: =R33 -> 60.640284 | J33: =S33 -> 0.46769691 | L33: dc_loan_corp_qoq | M33: =INDEX(m!$B$2:$AY$51,MATCH(table!$L33,m!$A$2:$A$51,0),MATCH(table!M$4,m!$B$1:$AY$1,0)) -> 19.911705 | N33: =INDEX(m!$B$2:$AY$51,MATCH(table!$L33,m!$A$2:$A$51,0),MATCH(table!N$4,m!$B$1:$AY$1,0)) -> -26.585109 | O33: =INDEX(m!$B$2:$AY$51,MATCH(table!$L33,m!$A$2:$A$51,0),MATCH(table!O$4,m!$B$1:$AY$1,0)) -> 20.451713 | P33: =INDEX(m!$B$2:$AY$51,MATCH(table!$L33,m!$A$2:$A$51,0),MATCH(table!P$4,m!$B$1:$AY$1,0)) -> 11.875392 | Q33: =INDEX(m!$B$2:$AY$51,MATCH(table!$L33,m!$A$2:$A$51,0),MATCH(table!Q$4,m!$B$1:$AY$1,0)) -> 17.437692 | R33: =INDEX(m!$B$2:$AY$51,MATCH(table!$L33,m!$A$2:$A$51,0),MATCH(table!R$4,m!$B$1:$AY$1,0)) -> 60.640284 | S33: =INDEX(m!$B$2:$AY$51,MATCH(table!$L33,m!$A$2:$A$51,0),MATCH(table!S$4,m!$B$1:$AY$1,0)) -> 0.46769691 | U33: 4.3594229 | V33: 15.160071 | W33: 10.16329
C34: Дүн, их наяд төг. | D34: =M34 -> 9.8537415 | E34: =N34 -> 10.143046 | F34: =O34 -> 11.465696 | G34: =P34 -> 13.764903 | H34: =Q34 -> 14.364974 | I34: =R34 -> 16.542714 | J34: =S34 -> 16.562056 | L34: dc_loan_corp | M34: =INDEX(m!$B$2:$AY$51,MATCH(table!$L34,m!$A$2:$A$51,0),MATCH(table!M$4,m!$B$1:$AY$1,0)) -> 9.8537415 | N34: =INDEX(m!$B$2:$AY$51,MATCH(table!$L34,m!$A$2:$A$51,0),MATCH(table!N$4,m!$B$1:$AY$1,0)) -> 10.143046 | O34: =INDEX(m!$B$2:$AY$51,MATCH(table!$L34,m!$A$2:$A$51,0),MATCH(table!O$4,m!$B$1:$AY$1,0)) -> 11.465696 | P34: =INDEX(m!$B$2:$AY$51,MATCH(table!$L34,m!$A$2:$A$51,0),MATCH(table!P$4,m!$B$1:$AY$1,0)) -> 13.764903 | Q34: =INDEX(m!$B$2:$AY$51,MATCH(table!$L34,m!$A$2:$A$51,0),MATCH(table!Q$4,m!$B$1:$AY$1,0)) -> 14.364974 | R34: =INDEX(m!$B$2:$AY$51,MATCH(table!$L34,m!$A$2:$A$51,0),MATCH(table!R$4,m!$B$1:$AY$1,0)) -> 16.542714 | S34: =INDEX(m!$B$2:$AY$51,MATCH(table!$L34,m!$A$2:$A$51,0),MATCH(table!S$4,m!$B$1:$AY$1,0)) -> 16.562056
C35: %, ДНБ харьцах | D35: =D34/D62*100 -> 22.626272 | E35: =E34/E62*100 -> 18.835741 | F35: =F34/F62*100 -> 16.277251 | G35: =G34/G62*100 -> 17.06534 | H35: =H34/H62*100 -> 17.6216 | I35: =I34/I62*100 -> 20.293047 | J35: =J34/J62*100 -> 20.316775 | L35: loan_corp_gdp | M35: =INDEX(m!$B$2:$AY$51,MATCH(table!$L35,m!$A$2:$A$51,0),MATCH(table!M$4,m!$B$1:$AY$1,0)) -> 2.2623423e-05 | N35: =INDEX(m!$B$2:$AY$51,MATCH(table!$L35,m!$A$2:$A$51,0),MATCH(table!N$4,m!$B$1:$AY$1,0)) -> 1.8835201e-05 | O35: =INDEX(m!$B$2:$AY$51,MATCH(table!$L35,m!$A$2:$A$51,0),MATCH(table!O$4,m!$B$1:$AY$1,0)) -> 1.6276901e-05 | P35: =INDEX(m!$B$2:$AY$51,MATCH(table!$L35,m!$A$2:$A$51,0),MATCH(table!P$4,m!$B$1:$AY$1,0)) -> 1.7064695e-05 | Q35: =INDEX(m!$B$2:$AY$51,MATCH(table!$L35,m!$A$2:$A$51,0),MATCH(table!Q$4,m!$B$1:$AY$1,0)) -> 1.76216e-05 | R35: =INDEX(m!$B$2:$AY$51,MATCH(table!$L35,m!$A$2:$A$51,0),MATCH(table!R$4,m!$B$1:$AY$1,0)) -> 1.9712495e-05 | S35: =INDEX(m!$B$2:$AY$51,MATCH(table!$L35,m!$A$2:$A$51,0),MATCH(table!S$4,m!$B$1:$AY$1,0)) -> 1.9402981e-05 | U35: 17.42056 | AD35: =#REF!*$AD$25/100 -> #REF! | AE35: =AD35*(1+I33/100) -> #REF! | AF35: =AE35*(1+#REF!/100) -> #REF!
B36: Эдийн засгийн өсөлт* | C36: %, жилийн (YoY) | D36: =M36 -> 1.6367695 | E36: =N36 -> 5.0327097 | F36: =O36 -> 7.4221129 | G36: =P36 -> 5.1220452 | H36: =Q36 -> 2.6420538 | I36: =R36 -> 5.6194993 | J36: =S36 -> 5.9409693 | M36: =INDEX(q!$B$2:$S$5,MATCH("gdp_q4",q!$A$2:$A$5,0),MATCH(M3,q!$B$1:$S$1,0)) -> 1.6367695 | N36: =INDEX(q!$B$2:$S$5,MATCH("gdp_q4",q!$A$2:$A$5,0),MATCH(N3,q!$B$1:$S$1,0)) -> 5.0327097 | O36: =INDEX(q!$B$2:$S$5,MATCH("gdp_q4",q!$A$2:$A$5,0),MATCH(O3,q!$B$1:$S$1,0)) -> 7.4221129 | P36: =INDEX(q!$B$2:$S$5,MATCH("gdp_q4",q!$A$2:$A$5,0),MATCH(P3,q!$B$1:$S$1,0)) -> 5.1220452 | Q36: =INDEX(q!$B$2:$S$5,MATCH("gdp_q1",q!$A$2:$A$5,0),MATCH(Q3,q!$B$1:$S$1,0)) -> 2.6420538 | R36: =INDEX(q!$B$2:$S$5,MATCH("gdp_q2",q!$A$2:$A$5,0),MATCH(R3,q!$B$1:$S$1,0)) -> 5.6194993 | S36: =INDEX(q!$B$2:$S$5,MATCH("gdp_q3",q!$A$2:$A$5,0),MATCH(S3,q!$B$1:$S$1,0)) -> 5.9409693 | U36: -16.174044 | V36: -6.1173514 | W36: -6.0692058 | AD36: =H35*$AD$25/100 -> 14.364974 | AE36: =AD36*(1+#REF!/100) -> #REF! | AF36: =AE36*(1+#REF!/100) -> #REF!
B37: Улсын төсвийн орлого | C37: %, жилийн (YoY) | D37: =M37 -> 37.043534 | E37: =N37 -> 30.430229 | F37: =O37 -> 30.747673 | G37: =P37 -> 29.061961 | H37: =Q37 -> -16.174044 | I37: =R37 -> -6.1173514 | J37: =S37 -> -2.2617329 | L37: gov_rev_cum_yoy | M37: =INDEX(m!$B$2:$AY$51,MATCH(table!$L37,m!$A$2:$A$51,0),MATCH(table!M$4,m!$B$1:$AY$1,0)) -> 37.043534 | N37: =INDEX(m!$B$2:$AY$51,MATCH(table!$L37,m!$A$2:$A$51,0),MATCH(table!N$4,m!$B$1:$AY$1,0)) -> 30.430229 | O37: =INDEX(m!$B$2:$AY$51,MATCH(table!$L37,m!$A$2:$A$51,0),MATCH(table!O$4,m!$B$1:$AY$1,0)) -> 30.747673 | P37: =INDEX(m!$B$2:$AY$51,MATCH(table!$L37,m!$A$2:$A$51,0),MATCH(table!P$4,m!$B$1:$AY$1,0)) -> 29.061961 | Q37: =INDEX(m!$B$2:$AY$51,MATCH(table!$L37,m!$A$2:$A$51,0),MATCH(table!Q$4,m!$B$1:$AY$1,0)) -> -16.174044 | R37: =INDEX(m!$B$2:$AY$51,MATCH(table!$L37,m!$A$2:$A$51,0),MATCH(table!R$4,m!$B$1:$AY$1,0)) -> -6.1173514 | S37: =INDEX(m!$B$2:$AY$51,MATCH(table!$L37,m!$A$2:$A$51,0),MATCH(table!S$4,m!$B$1:$AY$1,0)) -> -2.2617329 | U37: 6.4322552 | V37: 14.032792 | W37: 16.578317 | AE37: =AE36/$AD$25*100 -> #REF! | AF37: =AF36/$AD$25*100 -> #REF!
C38: Дүн, их наяд төг.** | D38: =M38 -> 14.255235 | E38: =N38 -> 18.593135 | F38: =O38 -> 24.310092 | G38: =P38 -> 31.375081 | H38: =Q38 -> 6.4322552 | I38: =R38 -> 14.032792 | J38: =S38 -> 22.244012 | L38: gov_rev_cum | M38: =INDEX(m!$B$2:$AY$51,MATCH(table!$L38,m!$A$2:$A$51,0),MATCH(table!M$4,m!$B$1:$AY$1,0)) -> 14.255235 | N38: =INDEX(m!$B$2:$AY$51,MATCH(table!$L38,m!$A$2:$A$51,0),MATCH(table!N$4,m!$B$1:$AY$1,0)) -> 18.593135 | O38: =INDEX(m!$B$2:$AY$51,MATCH(table!$L38,m!$A$2:$A$51,0),MATCH(table!O$4,m!$B$1:$AY$1,0)) -> 24.310092 | P38: =INDEX(m!$B$2:$AY$51,MATCH(table!$L38,m!$A$2:$A$51,0),MATCH(table!P$4,m!$B$1:$AY$1,0)) -> 31.375081 | Q38: =INDEX(m!$B$2:$AY$51,MATCH(table!$L38,m!$A$2:$A$51,0),MATCH(table!Q$4,m!$B$1:$AY$1,0)) -> 6.4322552 | R38: =INDEX(m!$B$2:$AY$51,MATCH(table!$L38,m!$A$2:$A$51,0),MATCH(table!R$4,m!$B$1:$AY$1,0)) -> 14.032792 | S38: =INDEX(m!$B$2:$AY$51,MATCH(table!$L38,m!$A$2:$A$51,0),MATCH(table!S$4,m!$B$1:$AY$1,0)) -> 22.244012 | U38: 7.800466
C39: %, ДНБ харьцах | D39: =M39 -> 32.728909 | E39: =N39 -> 34.526652 | F39: =O39 -> 34.511029 | G39: =P39 -> 38.896472 | H39: =Q39 -> 7.8904863 | I39: =R39 -> 16.721642 | J39: =J38/J62*100 -> 27.286863 | L39: rev_gdp | M39: =INDEX(m!$B$2:$AY$51,MATCH(table!$L39,m!$A$2:$A$51,0),MATCH(table!M$4,m!$B$1:$AY$1,0)) -> 32.728909 | N39: =INDEX(m!$B$2:$AY$51,MATCH(table!$L39,m!$A$2:$A$51,0),MATCH(table!N$4,m!$B$1:$AY$1,0)) -> 34.526652 | O39: =INDEX(m!$B$2:$AY$51,MATCH(table!$L39,m!$A$2:$A$51,0),MATCH(table!O$4,m!$B$1:$AY$1,0)) -> 34.511029 | P39: =INDEX(m!$B$2:$AY$51,MATCH(table!$L39,m!$A$2:$A$51,0),MATCH(table!P$4,m!$B$1:$AY$1,0)) -> 38.896472 | Q39: =INDEX(m!$B$2:$AY$51,MATCH(table!$L39,m!$A$2:$A$51,0),MATCH(table!Q$4,m!$B$1:$AY$1,0)) -> 7.8904863 | R39: =INDEX(m!$B$2:$AY$51,MATCH(table!$L39,m!$A$2:$A$51,0),MATCH(table!R$4,m!$B$1:$AY$1,0)) -> 16.721642 | S39: =INDEX(m!$B$2:$AY$51,MATCH(table!$L39,m!$A$2:$A$51,0),MATCH(table!S$4,m!$B$1:$AY$1,0)) -> 26.059574 | U39: 14.175229 | V39: 8.2264631 | W39: 10.653318
B40: Улсын төсвийн зарлага | C40: %, жилийн (YoY) | D40: =M40 -> 11.728152 | E40: =N40 -> 16.53834 | F40: =O40 -> 23.526997 | G40: =P40 -> 35.23117 | H40: =Q40 -> 14.175229 | I40: =R40 -> 8.2264631 | J40: =S40 -> 11.283821 | L40: gov_exp_cum_yoy | M40: =INDEX(m!$B$2:$AY$51,MATCH(table!$L40,m!$A$2:$A$51,0),MATCH(table!M$4,m!$B$1:$AY$1,0)) -> 11.728152 | N40: =INDEX(m!$B$2:$AY$51,MATCH(table!$L40,m!$A$2:$A$51,0),MATCH(table!N$4,m!$B$1:$AY$1,0)) -> 16.53834 | O40: =INDEX(m!$B$2:$AY$51,MATCH(table!$L40,m!$A$2:$A$51,0),MATCH(table!O$4,m!$B$1:$AY$1,0)) -> 23.526997 | P40: =INDEX(m!$B$2:$AY$51,MATCH(table!$L40,m!$A$2:$A$51,0),MATCH(table!P$4,m!$B$1:$AY$1,0)) -> 35.23117 | Q40: =INDEX(m!$B$2:$AY$51,MATCH(table!$L40,m!$A$2:$A$51,0),MATCH(table!Q$4,m!$B$1:$AY$1,0)) -> 14.175229 | R40: =INDEX(m!$B$2:$AY$51,MATCH(table!$L40,m!$A$2:$A$51,0),MATCH(table!R$4,m!$B$1:$AY$1,0)) -> 8.2264631 | S40: =INDEX(m!$B$2:$AY$51,MATCH(table!$L40,m!$A$2:$A$51,0),MATCH(table!S$4,m!$B$1:$AY$1,0)) -> 11.283821 | U40: 6.5026679 | V40: 13.973441 | W40: 16.887571
C41: Дүн, их наяд төг.** | D41: =M41 -> 15.59813 | E41: =N41 -> 18.177802 | F41: =O41 -> 22.454492 | G41: =P41 -> 30.365473 | H41: =Q41 -> 6.5026679 | I41: =R41 -> 13.973441 | J41: =S41 -> 22.058169 | L41: gov_exp_cum | M41: =INDEX(m!$B$2:$AY$51,MATCH(table!$L41,m!$A$2:$A$51,0),MATCH(table!M$4,m!$B$1:$AY$1,0)) -> 15.59813 | N41: =INDEX(m!$B$2:$AY$51,MATCH(table!$L41,m!$A$2:$A$51,0),MATCH(table!N$4,m!$B$1:$AY$1,0)) -> 18.177802 | O41: =INDEX(m!$B$2:$AY$51,MATCH(table!$L41,m!$A$2:$A$51,0),MATCH(table!O$4,m!$B$1:$AY$1,0)) -> 22.454492 | P41: =INDEX(m!$B$2:$AY$51,MATCH(table!$L41,m!$A$2:$A$51,0),MATCH(table!P$4,m!$B$1:$AY$1,0)) -> 30.365473 | Q41: =INDEX(m!$B$2:$AY$51,MATCH(table!$L41,m!$A$2:$A$51,0),MATCH(table!Q$4,m!$B$1:$AY$1,0)) -> 6.5026679 | R41: =INDEX(m!$B$2:$AY$51,MATCH(table!$L41,m!$A$2:$A$51,0),MATCH(table!R$4,m!$B$1:$AY$1,0)) -> 13.973441 | S41: =INDEX(m!$B$2:$AY$51,MATCH(table!$L41,m!$A$2:$A$51,0),MATCH(table!S$4,m!$B$1:$AY$1,0)) -> 22.058169 | U41: 7.8858562
C42: %, ДНБ харьцах | D42: =M42 -> 35.812091 | E42: =N42 -> 33.755395 | F42: =O42 -> 31.876788 | G42: =P42 -> 37.644835 | H42: =Q42 -> 7.9768619 | I42: =R42 -> 16.650918 | J42: =J41/J62*100 -> 27.058889 | L42: exp_gdp | M42: =INDEX(m!$B$2:$AY$51,MATCH(table!$L42,m!$A$2:$A$51,0),MATCH(table!M$4,m!$B$1:$AY$1,0)) -> 35.812091 | N42: =INDEX(m!$B$2:$AY$51,MATCH(table!$L42,m!$A$2:$A$51,0),MATCH(table!N$4,m!$B$1:$AY$1,0)) -> 33.755395 | O42: =INDEX(m!$B$2:$AY$51,MATCH(table!$L42,m!$A$2:$A$51,0),MATCH(table!O$4,m!$B$1:$AY$1,0)) -> 31.876788 | P42: =INDEX(m!$B$2:$AY$51,MATCH(table!$L42,m!$A$2:$A$51,0),MATCH(table!P$4,m!$B$1:$AY$1,0)) -> 37.644835 | Q42: =INDEX(m!$B$2:$AY$51,MATCH(table!$L42,m!$A$2:$A$51,0),MATCH(table!Q$4,m!$B$1:$AY$1,0)) -> 7.9768619 | R42: =INDEX(m!$B$2:$AY$51,MATCH(table!$L42,m!$A$2:$A$51,0),MATCH(table!R$4,m!$B$1:$AY$1,0)) -> 16.650918 | S42: =INDEX(m!$B$2:$AY$51,MATCH(table!$L42,m!$A$2:$A$51,0),MATCH(table!S$4,m!$B$1:$AY$1,0)) -> 25.841854 | U42: -17.65184 | V42: -16.545441 | W42: -16.342916
B43: Улсын төсвийн тэнцэл | C43: Дүн, их наяд төг.** | D43: =D38-D41 -> -1.3428949 | E43: =E38-E41 -> 0.415334 | F43: =F38-F41 -> 1.8555996 | G43: =G38-G41 -> 1.0096085 | H43: =H38-H41 -> -0.070412633 | I43: =I38-I41 -> 0.059351527 | J43: =J38-J41 -> 0.18584235 | U43: 3.013 | V43: 6.5813934 | W43: 7.75154 | AD43: =G42*$AD$25/100 -> 30.68774
C44: %, ДНБ харьцах | D44: =D39-D42 -> -3.0831821 | E44: =E39-E42 -> 0.77125736 | F44: =F39-F42 -> 2.6342414 | G44: =G39-G42 -> 1.2516369 | H44: =H39-H42 -> -0.086375602 | I44: =I39-I42 -> 0.070723987 | J44: =J39-J42 -> 0.22797393 | U44: 12.743371
B45: Экспорт | C45: %, жилийн (YoY) | D45: =M45 -> 22.052796 | E45: =N45 -> 35.614075 | F45: =O45 -> 21.084528 | G45: =P45 -> 3.944373 | H45: =Q45 -> -17.65184 | I45: =R45 -> -16.545441 | J45: =S45 -> -9.1155408 | L45: ex_cum_yoy | M45: =INDEX(m!$B$2:$AY$51,MATCH(table!$L45,m!$A$2:$A$51,0),MATCH(table!M$4,m!$B$1:$AY$1,0)) -> 22.052796 | N45: =INDEX(m!$B$2:$AY$51,MATCH(table!$L45,m!$A$2:$A$51,0),MATCH(table!N$4,m!$B$1:$AY$1,0)) -> 35.614075 | O45: =INDEX(m!$B$2:$AY$51,MATCH(table!$L45,m!$A$2:$A$51,0),MATCH(table!O$4,m!$B$1:$AY$1,0)) -> 21.084528 | P45: =INDEX(m!$B$2:$AY$51,MATCH(table!$L45,m!$A$2:$A$51,0),MATCH(table!P$4,m!$B$1:$AY$1,0)) -> 3.944373 | Q45: =INDEX(m!$B$2:$AY$51,MATCH(table!$L45,m!$A$2:$A$51,0),MATCH(table!Q$4,m!$B$1:$AY$1,0)) -> -17.65184 | R45: =INDEX(m!$B$2:$AY$51,MATCH(table!$L45,m!$A$2:$A$51,0),MATCH(table!R$4,m!$B$1:$AY$1,0)) -> -16.545441 | S45: =INDEX(m!$B$2:$AY$51,MATCH(table!$L45,m!$A$2:$A$51,0),MATCH(table!S$4,m!$B$1:$AY$1,0)) -> -9.1155408 | U45: 17533.19 | V45: 37875.07 | W45: 44412.65
C46: Дүн, тэрбум ам.д** | D46: =M46 -> 9.2471097 | E46: =N46 -> 12.540382 | F46: =O46 -> 15.184463 | G46: =P46 -> 15.783395 | H46: =Q46 -> 3.013 | I46: =R46 -> 6.5813934 | J46: =S46 -> 10.708601 | L46: ex_cum | M46: =INDEX(m!$B$2:$AY$51,MATCH(table!$L46,m!$A$2:$A$51,0),MATCH(table!M$4,m!$B$1:$AY$1,0)) -> 9.2471097 | N46: =INDEX(m!$B$2:$AY$51,MATCH(table!$L46,m!$A$2:$A$51,0),MATCH(table!N$4,m!$B$1:$AY$1,0)) -> 12.540382 | O46: =INDEX(m!$B$2:$AY$51,MATCH(table!$L46,m!$A$2:$A$51,0),MATCH(table!O$4,m!$B$1:$AY$1,0)) -> 15.184463 | P46: =INDEX(m!$B$2:$AY$51,MATCH(table!$L46,m!$A$2:$A$51,0),MATCH(table!P$4,m!$B$1:$AY$1,0)) -> 15.783395 | Q46: =INDEX(m!$B$2:$AY$51,MATCH(table!$L46,m!$A$2:$A$51,0),MATCH(table!Q$4,m!$B$1:$AY$1,0)) -> 3.013 | R46: =INDEX(m!$B$2:$AY$51,MATCH(table!$L46,m!$A$2:$A$51,0),MATCH(table!R$4,m!$B$1:$AY$1,0)) -> 6.5813934 | S46: =INDEX(m!$B$2:$AY$51,MATCH(table!$L46,m!$A$2:$A$51,0),MATCH(table!S$4,m!$B$1:$AY$1,0)) -> 10.708601 | U46: 1342184.9 | V46: 2652822.9 | W46: 3020492.5
C47: %, ДНБ харьцах | D47: =M47 -> 60.493322 | E47: =N47 -> 80.214228 | F47: =O47 -> 73.521267 | G47: =P47 -> 66.928376 | H47: =Q47 -> 12.890434 | I47: =R47 -> 28.083403 | J47: =J46/J63*100 -> 45.814308 | L47: ex_gdp | M47: =INDEX(m!$B$2:$AY$51,MATCH(table!$L47,m!$A$2:$A$51,0),MATCH(table!M$4,m!$B$1:$AY$1,0)) -> 60.493322 | N47: =INDEX(m!$B$2:$AY$51,MATCH(table!$L47,m!$A$2:$A$51,0),MATCH(table!N$4,m!$B$1:$AY$1,0)) -> 80.214228 | O47: =INDEX(m!$B$2:$AY$51,MATCH(table!$L47,m!$A$2:$A$51,0),MATCH(table!O$4,m!$B$1:$AY$1,0)) -> 73.521267 | P47: =INDEX(m!$B$2:$AY$51,MATCH(table!$L47,m!$A$2:$A$51,0),MATCH(table!P$4,m!$B$1:$AY$1,0)) -> 66.928376 | Q47: =INDEX(m!$B$2:$AY$51,MATCH(table!$L47,m!$A$2:$A$51,0),MATCH(table!Q$4,m!$B$1:$AY$1,0)) -> 12.890434 | R47: =INDEX(m!$B$2:$AY$51,MATCH(table!$L47,m!$A$2:$A$51,0),MATCH(table!R$4,m!$B$1:$AY$1,0)) -> 28.083403 | S47: =INDEX(m!$B$2:$AY$51,MATCH(table!$L47,m!$A$2:$A$51,0),MATCH(table!S$4,m!$B$1:$AY$1,0)) -> 45.096447 | U47: 72.810406 | V47: 60.580312 | W47: 56.237259
B48: Нүүрсний экспорт | C48: хэмжээ, сая тн** | D48: =M48 -> 16.11759 | E48: =N48 -> 31.82157 | F48: =O48 -> 69.61251 | G48: =P48 -> 83.755 | H48: =Q48 -> 17.53319 | I48: =R48 -> 37.87507 | J48: =S48 -> 62.61679 | L48: ex_coal_vol_cum | M48: =INDEX(m!$B$2:$AY$51,MATCH(table!$L48,m!$A$2:$A$51,0),MATCH(table!M$4,m!$B$1:$AY$1,0)) -> 16.11759 | N48: =INDEX(m!$B$2:$AY$51,MATCH(table!$L48,m!$A$2:$A$51,0),MATCH(table!N$4,m!$B$1:$AY$1,0)) -> 31.82157 | O48: =INDEX(m!$B$2:$AY$51,MATCH(table!$L48,m!$A$2:$A$51,0),MATCH(table!O$4,m!$B$1:$AY$1,0)) -> 69.61251 | P48: =INDEX(m!$B$2:$AY$51,MATCH(table!$L48,m!$A$2:$A$51,0),MATCH(table!P$4,m!$B$1:$AY$1,0)) -> 83.755 | Q48: =INDEX(m!$B$2:$AY$51,MATCH(table!$L48,m!$A$2:$A$51,0),MATCH(table!Q$4,m!$B$1:$AY$1,0)) -> 17.53319 | R48: =INDEX(m!$B$2:$AY$51,MATCH(table!$L48,m!$A$2:$A$51,0),MATCH(table!R$4,m!$B$1:$AY$1,0)) -> 37.87507 | S48: =INDEX(m!$B$2:$AY$51,MATCH(table!$L48,m!$A$2:$A$51,0),MATCH(table!S$4,m!$B$1:$AY$1,0)) -> 62.61679 | U48: 5.5387409 | V48: 2.7851488 | W48: 1.0867332
C49: дүн, тэрбум ам.доллар** | D49: =M49 -> 2.7740732 | E49: =N49 -> 6.5032482 | F49: =O49 -> 8.8984519 | G49: =P49 -> 8.6979768 | H49: =Q49 -> 1.3421849 | I49: =R49 -> 2.6528229 | J49: =S49 -> 4.0643693 | L49: ex_coal_cum | M49: =INDEX(m!$B$2:$AY$51,MATCH(table!$L49,m!$A$2:$A$51,0),MATCH(table!M$4,m!$B$1:$AY$1,0)) -> 2.7740732 | N49: =INDEX(m!$B$2:$AY$51,MATCH(table!$L49,m!$A$2:$A$51,0),MATCH(table!N$4,m!$B$1:$AY$1,0)) -> 6.5032482 | O49: =INDEX(m!$B$2:$AY$51,MATCH(table!$L49,m!$A$2:$A$51,0),MATCH(table!O$4,m!$B$1:$AY$1,0)) -> 8.8984519 | P49: =INDEX(m!$B$2:$AY$51,MATCH(table!$L49,m!$A$2:$A$51,0),MATCH(table!P$4,m!$B$1:$AY$1,0)) -> 8.6979768 | Q49: =INDEX(m!$B$2:$AY$51,MATCH(table!$L49,m!$A$2:$A$51,0),MATCH(table!Q$4,m!$B$1:$AY$1,0)) -> 1.3421849 | R49: =INDEX(m!$B$2:$AY$51,MATCH(table!$L49,m!$A$2:$A$51,0),MATCH(table!R$4,m!$B$1:$AY$1,0)) -> 2.6528229 | S49: =INDEX(m!$B$2:$AY$51,MATCH(table!$L49,m!$A$2:$A$51,0),MATCH(table!S$4,m!$B$1:$AY$1,0)) -> 4.0643693 | U49: 2.548 | V49: 5.5282273 | W49: 6.4808
C50: үнэ, ам.доллар | D50: =M50 -> 293.25275 | E50: =N50 -> 163.77914 | F50: =O50 -> 116.10747 | G50: =P50 -> 80.948983 | H50: =Q50 -> 72.810406 | I50: =R50 -> 60.580312 | J50: =S50 -> 59.279989 | L50: ex_coal_p | M50: =INDEX(m!$B$2:$AY$51,MATCH(table!$L50,m!$A$2:$A$51,0),MATCH(table!M$4,m!$B$1:$AY$1,0)) -> 293.25275 | N50: =INDEX(m!$B$2:$AY$51,MATCH(table!$L50,m!$A$2:$A$51,0),MATCH(table!N$4,m!$B$1:$AY$1,0)) -> 163.77914 | O50: =INDEX(m!$B$2:$AY$51,MATCH(table!$L50,m!$A$2:$A$51,0),MATCH(table!O$4,m!$B$1:$AY$1,0)) -> 116.10747 | P50: =INDEX(m!$B$2:$AY$51,MATCH(table!$L50,m!$A$2:$A$51,0),MATCH(table!P$4,m!$B$1:$AY$1,0)) -> 80.948983 | Q50: =INDEX(m!$B$2:$AY$51,MATCH(table!$L50,m!$A$2:$A$51,0),MATCH(table!Q$4,m!$B$1:$AY$1,0)) -> 72.810406 | R50: =INDEX(m!$B$2:$AY$51,MATCH(table!$L50,m!$A$2:$A$51,0),MATCH(table!R$4,m!$B$1:$AY$1,0)) -> 60.580312 | S50: =INDEX(m!$B$2:$AY$51,MATCH(table!$L50,m!$A$2:$A$51,0),MATCH(table!S$4,m!$B$1:$AY$1,0)) -> 59.279989 | U50: 10.776671
B51: Импорт | C51: %, жилийн (YoY) | D51: =M51 -> 29.367602 | E51: =N51 -> 27.096977 | F51: =O51 -> 6.2964986 | G51: =P51 -> 25.50668 | H51: =Q51 -> 5.5387409 | I51: =R51 -> 2.7851488 | J51: =S51 -> -0.86484717 | L51: im_cum_yoy | M51: =INDEX(m!$B$2:$AY$51,MATCH(table!$L51,m!$A$2:$A$51,0),MATCH(table!M$4,m!$B$1:$AY$1,0)) -> 29.367602 | N51: =INDEX(m!$B$2:$AY$51,MATCH(table!$L51,m!$A$2:$A$51,0),MATCH(table!N$4,m!$B$1:$AY$1,0)) -> 27.096977 | O51: =INDEX(m!$B$2:$AY$51,MATCH(table!$L51,m!$A$2:$A$51,0),MATCH(table!O$4,m!$B$1:$AY$1,0)) -> 6.2964986 | P51: =INDEX(m!$B$2:$AY$51,MATCH(table!$L51,m!$A$2:$A$51,0),MATCH(table!P$4,m!$B$1:$AY$1,0)) -> 25.50668 | Q51: =INDEX(m!$B$2:$AY$51,MATCH(table!$L51,m!$A$2:$A$51,0),MATCH(table!Q$4,m!$B$1:$AY$1,0)) -> 5.5387409 | R51: =INDEX(m!$B$2:$AY$51,MATCH(table!$L51,m!$A$2:$A$51,0),MATCH(table!R$4,m!$B$1:$AY$1,0)) -> 2.7851488 | S51: =INDEX(m!$B$2:$AY$51,MATCH(table!$L51,m!$A$2:$A$51,0),MATCH(table!S$4,m!$B$1:$AY$1,0)) -> -0.86484717 | U51: 4.99597 | V51: 5.20607 | W51: 5.37975
C52: Дүн, тэрбум ам.д** | D52: =M52 -> 6.8486425 | E52: =N52 -> 8.7044176 | F52: =O52 -> 9.2524911 | G52: =P52 -> 11.612494 | H52: =Q52 -> 2.548 | I52: =R52 -> 5.5282273 | J52: =S52 -> 8.5338394 | L52: im_cum | M52: =INDEX(m!$B$2:$AY$51,MATCH(table!$L52,m!$A$2:$A$51,0),MATCH(table!M$4,m!$B$1:$AY$1,0)) -> 6.8486425 | N52: =INDEX(m!$B$2:$AY$51,MATCH(table!$L52,m!$A$2:$A$51,0),MATCH(table!N$4,m!$B$1:$AY$1,0)) -> 8.7044176 | O52: =INDEX(m!$B$2:$AY$51,MATCH(table!$L52,m!$A$2:$A$51,0),MATCH(table!O$4,m!$B$1:$AY$1,0)) -> 9.2524911 | P52: =INDEX(m!$B$2:$AY$51,MATCH(table!$L52,m!$A$2:$A$51,0),MATCH(table!P$4,m!$B$1:$AY$1,0)) -> 11.612494 | Q52: =INDEX(m!$B$2:$AY$51,MATCH(table!$L52,m!$A$2:$A$51,0),MATCH(table!Q$4,m!$B$1:$AY$1,0)) -> 2.548 | R52: =INDEX(m!$B$2:$AY$51,MATCH(table!$L52,m!$A$2:$A$51,0),MATCH(table!R$4,m!$B$1:$AY$1,0)) -> 5.5282273 | S52: =INDEX(m!$B$2:$AY$51,MATCH(table!$L52,m!$A$2:$A$51,0),MATCH(table!S$4,m!$B$1:$AY$1,0)) -> 8.5338394
C53: %, ДНБ харьцах | D53: =M53 -> 44.802879 | E53: =N53 -> 55.67758 | F53: =O53 -> 44.799404 | G53: =P53 -> 49.241966 | H53: =Q53 -> 10.901038 | I53: =R53 -> 23.589448 | J53: =J52/J63*100 -> 36.510088 | L53: im_gdp | M53: =INDEX(m!$B$2:$AY$51,MATCH(table!$L53,m!$A$2:$A$51,0),MATCH(table!M$4,m!$B$1:$AY$1,0)) -> 44.802879 | N53: =INDEX(m!$B$2:$AY$51,MATCH(table!$L53,m!$A$2:$A$51,0),MATCH(table!N$4,m!$B$1:$AY$1,0)) -> 55.67758 | O53: =INDEX(m!$B$2:$AY$51,MATCH(table!$L53,m!$A$2:$A$51,0),MATCH(table!O$4,m!$B$1:$AY$1,0)) -> 44.799404 | P53: =INDEX(m!$B$2:$AY$51,MATCH(table!$L53,m!$A$2:$A$51,0),MATCH(table!P$4,m!$B$1:$AY$1,0)) -> 49.241966 | Q53: =INDEX(m!$B$2:$AY$51,MATCH(table!$L53,m!$A$2:$A$51,0),MATCH(table!Q$4,m!$B$1:$AY$1,0)) -> 10.901038 | R53: =INDEX(m!$B$2:$AY$51,MATCH(table!$L53,m!$A$2:$A$51,0),MATCH(table!R$4,m!$B$1:$AY$1,0)) -> 23.589448 | S53: =INDEX(m!$B$2:$AY$51,MATCH(table!$L53,m!$A$2:$A$51,0),MATCH(table!S$4,m!$B$1:$AY$1,0)) -> 35.938014
B54: Валютын улсын нөөц | C54: Дүн, тэрбум ам.д | D54: =M54 -> 4.3661 | E54: =N54 -> 3.3996 | F54: =O54 -> 4.92147 | G54: =P54 -> 5.50982 | H54: =Q54 -> 4.99597 | I54: =R54 -> 5.20607 | J54: =S54 -> 5.87452 | L54: fx_reserve | M54: =INDEX(m!$B$2:$AY$51,MATCH(table!$L54,m!$A$2:$A$51,0),MATCH(table!M$4,m!$B$1:$AY$1,0)) -> 4.3661 | N54: =INDEX(m!$B$2:$AY$51,MATCH(table!$L54,m!$A$2:$A$51,0),MATCH(table!N$4,m!$B$1:$AY$1,0)) -> 3.3996 | O54: =INDEX(m!$B$2:$AY$51,MATCH(table!$L54,m!$A$2:$A$51,0),MATCH(table!O$4,m!$B$1:$AY$1,0)) -> 4.92147 | P54: =INDEX(m!$B$2:$AY$51,MATCH(table!$L54,m!$A$2:$A$51,0),MATCH(table!P$4,m!$B$1:$AY$1,0)) -> 5.50982 | Q54: =INDEX(m!$B$2:$AY$51,MATCH(table!$L54,m!$A$2:$A$51,0),MATCH(table!Q$4,m!$B$1:$AY$1,0)) -> 4.99597 | R54: =INDEX(m!$B$2:$AY$51,MATCH(table!$L54,m!$A$2:$A$51,0),MATCH(table!R$4,m!$B$1:$AY$1,0)) -> 5.20607 | S54: =INDEX(m!$B$2:$AY$51,MATCH(table!$L54,m!$A$2:$A$51,0),MATCH(table!S$4,m!$B$1:$AY$1,0)) -> 5.87452
B55: Өрхийн дундаж орлого | C55: сая төгрөг | D55: =M55 -> 1.642915 | E55: =N55 -> 1.846967 | F55: =O55 -> 2.30811 | G55: =P55 -> 2.641671 | H55: =Q55 -> 2.817611 | I55: =R55 -> 2.951287 | J55: =S55 -> 2.971516 | L55: hh_inc | M55: =INDEX(q!$B$2:$S$9,MATCH($L55,q!$A$2:$A$9,0),MATCH(M$3,q!$B$1:$S$1,0))/1000000 -> 1.642915 | N55: =INDEX(q!$B$2:$S$9,MATCH($L55,q!$A$2:$A$9,0),MATCH(N$3,q!$B$1:$S$1,0))/1000000 -> 1.846967 | O55: =INDEX(q!$B$2:$S$9,MATCH($L55,q!$A$2:$A$9,0),MATCH(O$3,q!$B$1:$S$1,0))/1000000 -> 2.30811 | P55: =INDEX(q!$B$2:$S$9,MATCH($L55,q!$A$2:$A$9,0),MATCH(P$3,q!$B$1:$S$1,0))/1000000 -> 2.641671 | Q55: =INDEX(q!$B$2:$Z$9,MATCH($L55,q!$A$2:$A$9,0),MATCH(Q$3,q!$B$1:$Z$1,0))/1000000 -> 2.817611 | R55: =INDEX(q!$B$2:$Z$9,MATCH($L55,q!$A$2:$A$9,0),MATCH(R$3,q!$B$1:$Z$1,0))/1000000 -> 2.951287 | S55: =INDEX(q!$B$2:$Z$9,MATCH($L55,q!$A$2:$A$9,0),MATCH(S$3,q!$B$1:$Z$1,0))/1000000 -> 2.971516
B56: Өрхийн зарлага/орлого | D56: =M56 -> 107.61802 | E56: =N56 -> 98.396015 | F56: =O56 -> 99.940982 | G56: =P56 -> 97.075182 | H56: =Q56 -> 98.651357 | I56: =R56 -> 98.841911 | J56: =S56 -> 96.048226 | L56: hh_exp_inc | M56: =INDEX(q!$B$2:$S$9,MATCH($L56,q!$A$2:$A$9,0),MATCH(M$3,q!$B$1:$S$1,0)) -> 107.61802 | N56: =INDEX(q!$B$2:$S$9,MATCH($L56,q!$A$2:$A$9,0),MATCH(N$3,q!$B$1:$S$1,0)) -> 98.396015 | O56: =INDEX(q!$B$2:$S$9,MATCH($L56,q!$A$2:$A$9,0),MATCH(O$3,q!$B$1:$S$1,0)) -> 99.940982 | P56: =INDEX(q!$B$2:$S$9,MATCH($L56,q!$A$2:$A$9,0),MATCH(P$3,q!$B$1:$S$1,0)) -> 97.075182 | Q56: =INDEX(q!$B$2:$S$9,MATCH($L56,q!$A$2:$A$9,0),MATCH(Q$3,q!$B$1:$S$1,0)) -> 98.651357 | R56: =INDEX(q!$B$2:$S$9,MATCH($L56,q!$A$2:$A$9,0),MATCH(R$3,q!$B$1:$S$1,0)) -> 98.841911 | S56: =INDEX(q!$B$2:$S$9,MATCH($L56,q!$A$2:$A$9,0),MATCH(S$3,q!$B$1:$S$1,0)) -> 96.048226
B57: Өрхийн орлогын өсөлт | C57: %, жилийн (YoY) | D57: =M57 -> 15.324814 | E57: =N57 -> 12.420119 | F57: =O57 -> 24.967582 | G57: =P57 -> 14.451694 | H57: =Q57 -> 16.269543 | I57: =R57 -> 17.612503 | J57: =S57 -> 13.536374 | L57: hh_inc_yoy | M57: =INDEX(q!$B$2:$S$9,MATCH($L57,q!$A$2:$A$9,0),MATCH(M$3,q!$B$1:$S$1,0)) -> 15.324814 | N57: =INDEX(q!$B$2:$S$9,MATCH($L57,q!$A$2:$A$9,0),MATCH(N$3,q!$B$1:$S$1,0)) -> 12.420119 | O57: =INDEX(q!$B$2:$S$9,MATCH($L57,q!$A$2:$A$9,0),MATCH(O$3,q!$B$1:$S$1,0)) -> 24.967582 | P57: =INDEX(q!$B$2:$S$9,MATCH($L57,q!$A$2:$A$9,0),MATCH(P$3,q!$B$1:$S$1,0)) -> 14.451694 | Q57: =INDEX(q!$B$2:$S$9,MATCH($L57,q!$A$2:$A$9,0),MATCH(Q$3,q!$B$1:$S$1,0)) -> 16.269543 | R57: =INDEX(q!$B$2:$S$9,MATCH($L57,q!$A$2:$A$9,0),MATCH(R$3,q!$B$1:$S$1,0)) -> 17.612503 | S57: =INDEX(q!$B$2:$S$9,MATCH($L57,q!$A$2:$A$9,0),MATCH(S$3,q!$B$1:$S$1,0)) -> 13.536374
B58: Өрхийн зарлагын өсөлт | C58: %, жилийн (YoY) | D58: =M58 -> 4.7865203 | E58: =N58 -> 22.956511 | F58: =O58 -> 23.035734 | G58: =P58 -> 17.830475 | H58: =Q58 -> 15.579122 | I58: =R58 -> 14.10681 | J58: =S58 -> 14.714269 | L58: hh_exp_yoy | M58: =INDEX(q!$B$2:$S$9,MATCH($L58,q!$A$2:$A$9,0),MATCH(M$3,q!$B$1:$S$1,0)) -> 4.7865203 | N58: =INDEX(q!$B$2:$S$9,MATCH($L58,q!$A$2:$A$9,0),MATCH(N$3,q!$B$1:$S$1,0)) -> 22.956511 | O58: =INDEX(q!$B$2:$S$9,MATCH($L58,q!$A$2:$A$9,0),MATCH(O$3,q!$B$1:$S$1,0)) -> 23.035734 | P58: =INDEX(q!$B$2:$S$9,MATCH($L58,q!$A$2:$A$9,0),MATCH(P$3,q!$B$1:$S$1,0)) -> 17.830475 | Q58: =INDEX(q!$B$2:$S$9,MATCH($L58,q!$A$2:$A$9,0),MATCH(Q$3,q!$B$1:$S$1,0)) -> 15.579122 | R58: =INDEX(q!$B$2:$S$9,MATCH($L58,q!$A$2:$A$9,0),MATCH(R$3,q!$B$1:$S$1,0)) -> 14.10681 | S58: =INDEX(q!$B$2:$S$9,MATCH($L58,q!$A$2:$A$9,0),MATCH(S$3,q!$B$1:$S$1,0)) -> 14.714269
B59: * Оны эхнээс хуримтлагдсан, @ar - Улирлын өсөлтийг жилд шилжүүлсэн
C62: GDP mnt | D62: 43.55 | E62: 53.85 | F62: 70.44 | G62: 80.66 | H62: =H22/H23*100 -> 81.519123 | I62: =H62 -> 81.519123 | J62: =I62 -> 81.519123
C63: GDP usd | D63: =D62/D9*1000 -> 15.284241 | E63: =E62/E9*1000 -> 15.633165 | F63: =F62/F9*1000 -> 20.652713 | G63: =G62/G9*1000 -> 23.581624 | H63: =H62/H9*1000 -> 23.373922 | I63: =H63 -> 23.373922 | J63: =I63 -> 23.373922
E65: =E62/D62 -> 1.2365098

Sheet m
B1: 21M09 | C1: 21M10 | D1: 21M11 | E1: 21M12 | F1: 22M01 | G1: 22M02 | H1: 22M03 | I1: 22M04 | J1: 22M05 | K1: 22M06 | L1: 22M07 | M1: 22M08 | N1: 22M09 | O1: 22M10 | P1: 22M11 | Q1: 22M12 | R1: 23M01 | S1: 23M02 | T1: 23M03 | U1: 23M04 | V1: 23M05 | W1: 23M06 | X1: 23M07 | Y1: 23M08 | Z1: 23M09 | AA1: 23M10 | AB1: 23M11 | AC1: 23M12 | AD1: 24M01 | AE1: 24M02 | AF1: 24M03 | AG1: 24M04 | AH1: 24M05 | AI1: 24M06 | AJ1: 24M07 | AK1: 24M08 | AL1: 24M09 | AM1: 24M10 | AN1: 24M11 | AO1: 24M12 | AP1: 25M01 | AQ1: 25M02 | AR1: 25M03 | AS1: 25M04 | AT1: 25M05 | AU1: 25M06 | AV1: 25M07 | AW1: 25M08 | AX1: 25M09 | AY1: 25M10
A2: cpi_yoy | B2: 9.9381323 | C2: 10.304465 | D2: 10.80159 | E2: 13.826662 | F2: 15.11689 | G2: 15.316321 | H2: 15.743917 | I2: 15.946077 | J2: 16.236016 | K2: 16.946237 | L2: 16.449356 | M2: 14.42581 | N2: 13.826954 | O2: 14.461458 | P2: 14.547418 | Q2: 13.243298 | R2: 12.331895 | S2: 12.18451 | T2: 12.233206 | U2: 11.160133 | V2: 11.293457 | W2: 10.643844 | X2: 9.1891224 | Y2: 10.015673 | Z2: 10.060468 | AA2: 8.9606325 | AB2: 8.5842389 | AC2: 7.9239441 | AD2: 7.5123924 | AE2: 6.91793 | AF2: 6.6972767 | AG2: 6.1072329 | AH2: 5.3119823 | AI2: 4.6413405 | AJ2: 4.9787807 | AK2: 6.1559821 | AL2: 6.3304442 | AM2: 6.5964848 | AN2: 7.4433135 | AO2: 8.3598213 | AP2: 8.7129664 | AQ2: 9.5688088 | AR2: 9.1020943 | AS2: 8.6334766 | AT2: 8.2803589 | AU2: 8.186335 | AV2: 8.0997478 | AW2: 8.8050064 | AX2: 9.0299817 | AY2: 9.1684905
A3: cpi_qoq | B3: 10.550709 | C3: 7.4607312 | D3: 8.3014113 | E3: 15.683225 | F3: 20.931941 | G3: 22.15675 | H3: 17.218945 | I3: 18.565297 | J3: 17.946244 | K3: 20.467943 | L3: 15.25627 | M3: 6.6201662 | N3: -0.39982485 | O3: 0.50499797 | P3: 8.7353434 | Q3: 13.55178 | R3: 13.100475 | S3: 13.448409 | T3: 13.497492 | U3: 14.199137 | V3: 14.626607 | W3: 14.513592 | X3: 7.8932484 | Y3: 1.95167 | Z3: -2.50674 | AA3: -0.33310145 | AB3: 3.4172144 | AC3: 5.5238011 | AD3: 7.6097889 | AE3: 7.1037248 | AF3: 8.7976647 | AG3: 8.7856596 | AH3: 8.3987585 | AI3: 6.5263824 | AJ3: 3.5552966 | AK3: 5.1730238 | AL3: 3.9095324 | AM3: 5.8256935 | AN3: 8.3093704 | AO3: 13.263454 | AP3: 15.702913 | AQ3: 15.157246 | AR3: 11.59796 | AS3: 8.4867598 | AT3: 3.5962849 | AU3: 3.1141627 | AV3: 1.5725829 | AW3: 7.1361963 | AX3: 7.0592549 | AY3: 9.837944
A4: cpi_mom | B4: 0.32462739 | C4: 0.70385174 | D4: 1.0339314 | E4: 2.1384289 | F4: 1.9754111 | G4: 1.3279155 | H4: 0.94375502 | I4: 2.3044823 | J4: 1.1780529 | K4: 1.5528039 | L4: 1.0364248 | M4: -0.92615165 | N4: -0.20042876 | O4: 1.2652037 | P4: 1.109808 | Q4: 0.97558472 | R4: 1.1546941 | S4: 1.1949678 | T4: 0.987572 | U4: 1.3263388 | V4: 1.2994051 | W4: 0.96004583 | X4: -0.29198013 | Y4: -0.17617303 | Z4: -0.15979347 | AA4: 0.25325978 | AB4: 0.7605342 | AC4: 0.36155775 | AD4: 0.76895595 | AE4: 0.63543591 | AF4: 0.77915759 | AG4: 0.76599669 | AH4: 0.54018806 | AI4: 0.31711778 | AJ4: 0.029551439 | AK4: 0.94322229 | AL4: 0.0042889151 | AM4: 0.50409515 | AN4: 1.5610007 | AO4: 1.2176572 | AP4: 1.0973623 | AQ4: 1.427688 | AR4: 0.34988316 | AS4: 0.33318434 | AT4: 0.21337797 | AU4: 0.23000865 | AV4: -0.050507483 | AW4: 1.6017907 | AX4: 0.21106698 | AY4: 0.63177295
A5: usd_mnt | B5: 2849.2 | C5: 2848.85 | D5: 2849.21 | E5: 2849.34 | F5: 2850.26 | G5: 2865.73 | H5: 2948.46 | I5: 3083.88 | J5: 3120.84 | K5: 3134.1 | L5: 3168.09 | M5: 3199.28 | N5: 3333.02 | O5: 3389.12 | P5: 3419.67 | Q5: 3444.6 | R5: 3491.46 | S5: 3521.87 | T5: 3518.14 | U5: 3475.7 | V5: 3447.5 | W5: 3432.66 | X5: 3454.55 | Y5: 3472.78 | Z5: 3459.5 | AA5: 3447.95 | AB5: 3432.78 | AC5: 3410.69 | AD5: 3401.47 | AE5: 3381.89 | AF5: 3375.99 | AG5: 3377.03 | AH5: 3381.43 | AI5: 3381.05 | AJ5: 3380.81 | AK5: 3380.94 | AL5: 3380.93 | AM5: 3404.64 | AN5: 3417.77 | AO5: 3420.46 | AP5: 3448.24 | AQ5: 3466.56 | AR5: 3487.61 | AS5: 3570.82 | AT5: 3573.95 | AU5: 3580.94 | AV5: 3587.49 | AW5: 3592.79 | AX5: 3594.64 | AY5: 3585.29
A6: usd_mnt_yoy | B6: -0.19336397 | C6: -0.11009856 | D6: -0.015791358 | E6: -0.01929899 | F6: 0.0049120739 | G6: 0.57769183 | H6: 3.4616343 | I6: 8.2059361 | J6: 9.5319821 | K6: 10.01204 | L6: 11.195387 | M6: 12.275924 | N6: 16.980907 | O6: 18.964494 | P6: 20.02169 | Q6: 20.891154 | R6: 22.496193 | S6: 22.896086 | T6: 19.321273 | U6: 12.705423 | V6: 10.467054 | W6: 9.5261798 | X6: 9.0420411 | Y6: 8.5487985 | Z6: 3.7947567 | AA6: 1.7358488 | AB6: 0.38337033 | AC6: -0.98443941 | AD6: -2.5774318 | AE6: -3.974593 | AF6: -4.0404873 | AG6: -2.8388526 | AH6: -1.9164612 | AI6: -1.5034987 | AJ6: -2.1345761 | AK6: -2.6445672 | AL6: -2.2711374 | AM6: -1.2561087 | AN6: -0.43725494 | AO6: 0.2864523 | AP6: 1.3749938 | AQ6: 2.5036296 | AR6: 3.3062894 | AS6: 5.7384743 | AT6: 5.6934492 | AU6: 5.9120687 | AV6: 6.1133279 | AW6: 6.2660089 | AX6: 6.3210418 | AY6: 5.3059942
A7: usd_mnt_qoq | B7: 0.046334161 | C7: -0.037906441 | D7: -0.037901652 | E7: 0.01965464 | F7: 0.19797462 | G7: 2.3192394 | H7: 13.914801 | I7: 32.785781 | J7: 35.608379 | K7: 25.184673 | L7: 10.922604 | M7: 10.053703 | N7: 25.387831 | O7: 27.907035 | P7: 27.55495 | Q7: 13.390859 | R7: 12.078652 | S7: 11.95437 | T7: 8.5397434 | U7: -1.8055484 | V7: -8.4466491 | W7: -9.7187719 | X7: -2.4340421 | Y7: 2.93314 | Z7: 3.1276037 | AA7: -0.76420952 | AB7: -4.6072599 | AC7: -5.6435901 | AD7: -5.3921896 | AE7: -5.9298877 | AF7: -4.0695578 | AG7: -2.8740515 | AH7: -0.054407447 | AI7: 0.59952784 | AJ7: 0.4477307 | AK7: -0.057963643 | AL7: -0.014196773 | AM7: 2.8194427 | AN7: 4.3573681 | AO7: 4.6768197 | AP7: 5.1224212 | AQ7: 5.710156 | AR7: 7.852745 | AS7: 14.219428 | AT7: 12.391535 | AU7: 10.704179 | AV7: 1.8673582 | AW7: 2.1085913 | AX7: 1.5303244 | AY7: -0.24529685
A8: usd_mnt_mom | B8: -0.0098263543 | C8: -0.01228415 | D8: 0.012636678 | E8: 0.0045626682 | F8: 0.032288179 | G8: 0.5427575 | H8: 2.8868735 | I8: 4.5929061 | J8: 1.1984902 | K8: 0.42488561 | L8: 1.0845219 | M8: 0.98450486 | N8: 4.1803156 | O8: 1.6831582 | P8: 0.90141394 | Q8: 0.72901771 | R8: 1.3603902 | S8: 0.87098234 | T8: -0.10590964 | U8: -1.2063192 | V8: -0.81134735 | W8: -0.43045685 | X8: 0.63769788 | Y8: 0.52770983 | Z8: -0.38240257 | AA8: -0.33386328 | AB8: -0.43997158 | AC8: -0.64350177 | AD8: -0.27032653 | AE8: -0.57563348 | AF8: -0.17445866 | AG8: 0.030805778 | AH8: 0.130292 | AI8: -0.011237849 | AJ8: -0.0070983866 | AK8: 0.0038452324 | AL8: -0.00029577573 | AM8: 0.70128633 | AN8: 0.38565017 | AO8: 0.078706291 | AP8: 0.81217146 | AQ8: 0.53128553 | AR8: 0.60723022 | AS8: 2.3858746 | AT8: 0.087654936 | AU8: 0.19558192 | AV8: 0.18291287 | AW8: 0.1477356 | AX8: 0.051492016 | AY8: -0.2601095
A9: cny_mnt | B9: 440.8 | C9: 445.78 | D9: 447.19 | E9: 446.96 | F9: 448.08 | G9: 454.1 | H9: 464.78 | I9: 468.23 | J9: 468.63 | K9: 468.09 | L9: 470.8 | M9: 462.78 | N9: 462.55 | O9: 467.72 | P9: 477.31 | Q9: 495.4 | R9: 517.06 | S9: 507.21 | T9: 512.27 | U9: 502 | V9: 485 | W9: 472.8 | X9: 483.32 | Y9: 476.4 | Z9: 473.81 | AA9: 471.14 | AB9: 481.35 | AC9: 480.01 | AD9: 473.67 | AE9: 470.14 | AF9: 467.31 | AG9: 466.01 | AH9: 466.85 | AI9: 465.14 | AJ9: 468.13 | AK9: 477.15 | AL9: 482.1 | AM9: 478.31 | AN9: 472.56 | AO9: 468.6 | AP9: 475.53 | AQ9: 475.9 | AR9: 480.91 | AS9: 491.58 | AT9: 496.64 | AU9: 499.76 | AV9: 498.81 | AW9: 503.9 | AX9: 505.01 | AY9: 503.93
A10: cny_mnt_yoy | B10: 5.1326083 | C10: 4.6726777 | D10: 3.3391875 | E10: 2.4597116 | F10: 1.5847106 | G10: 3.0569866 | H10: 6.9837032 | I10: 6.3844773 | J10: 4.6679919 | K10: 6.1211998 | L10: 6.692048 | M10: 4.9197425 | N10: 4.9342105 | O10: 4.9217103 | P10: 6.7353921 | Q10: 10.837659 | R10: 15.394572 | S10: 11.695662 | T10: 10.217737 | U10: 7.2122675 | V10: 3.4931609 | W10: 1.0062168 | X10: 2.6593033 | Y10: 2.9430831 | Z10: 2.4343314 | AA10: 0.7312067 | AB10: 0.84641009 | AC10: -3.1065805 | AD10: -8.391676 | AE10: -7.3086098 | AF10: -8.7766217 | AG10: -7.1693227 | AH10: -3.742268 | AI10: -1.6201354 | AJ10: -3.1428453 | AK10: 0.15743073 | AL10: 1.7496465 | AM10: 1.5218406 | AN10: -1.8261141 | AO10: -2.3770338 | AP10: 0.39267845 | AQ10: 1.225167 | AR10: 2.9102737 | AS10: 5.4870067 | AT10: 6.3810646 | AU10: 7.4429204 | AV10: 6.5537351 | AW10: 5.6062035 | AX10: 4.7521261 | AY10: 5.3563588
A11: cny_mnt_qoq | B11: -0.26298488 | C11: 4.0882 | D11: 5.540945 | E11: 5.5898367 | F11: 2.0637983 | G11: 6.180818 | H11: 15.947736 | I11: 17.987859 | J11: 12.798943 | K11: 2.8486596 | L11: 2.1955022 | M11: -4.9932783 | N11: -4.7341323 | O11: -2.6168224 | P11: 12.558883 | Q11: 28.40774 | R11: 42.196186 | S11: 25.057091 | T11: 13.621316 | U11: -11.650485 | V11: -17.515428 | W11: -30.819685 | X11: -14.884462 | Y11: -7.0927835 | Z11: 0.85448393 | AA11: -10.080278 | AB11: 4.1561713 | AC11: 5.2341656 | AD11: 2.1479815 | AE11: -9.3154669 | AF11: -10.583113 | AG11: -6.4686385 | AH11: -2.7991662 | AI11: -1.8574394 | AJ11: 1.8197034 | AK11: 8.8251044 | AL11: 14.584856 | AM11: 8.6984385 | AN11: -3.8478466 | AO11: -11.200996 | AP11: -2.3248521 | AQ11: 2.8271542 | AR11: 10.507896 | AS11: 13.500726 | AT11: 17.432234 | AU11: 15.678609 | AV11: 5.8830709 | AW11: 5.8472938 | AX11: 4.202017 | AY11: 4.1057717
A12: cny_mnt_mom | B12: -0.063480548 | C12: 1.1297641 | D12: 0.31629952 | E12: -0.051432277 | F12: 0.25058171 | G12: 1.3435101 | H12: 2.3519049 | I12: 0.74228667 | J12: 0.085428102 | K12: -0.1152295 | L12: 0.57894849 | M12: -1.7034834 | N12: -0.049699641 | O12: 1.117717 | P12: 2.050372 | Q12: 3.7899897 | R12: 4.3722245 | S12: -1.9050014 | T12: 0.9976144 | U12: -2.0048022 | V12: -3.3864542 | W12: -2.5154639 | X12: 2.2250423 | Y12: -1.4317636 | Z12: -0.54366079 | AA12: -0.56351702 | AB12: 2.1670841 | AC12: -0.27838371 | AD12: -1.3208058 | AE12: -0.74524458 | AF12: -0.60194836 | AG12: -0.27818793 | AH12: 0.18025364 | AI12: -0.36628467 | AJ12: 0.64281722 | AK12: 1.9268152 | AL12: 1.0374096 | AM12: -0.78614395 | AN12: -1.2021492 | AO12: -0.83798883 | AP12: 1.4788732 | AQ12: 0.07780792 | AR12: 1.0527422 | AS12: 2.2187104 | AT12: 1.029334 | AU12: 0.62822165 | AV12: -0.19009124 | AW12: 1.0204286 | AX12: 0.2202818 | AY12: -0.21385715
A13: rate_pol | B13: 6 | C13: 6 | D13: 6 | E13: 6 | F13: 6.5 | G13: 6.5 | H13: 9 | I13: 9 | J13: 9 | K13: 10 | L13: 10 | M13: 10 | N13: 12 | O13: 12 | P13: 12 | Q13: 13 | R13: 13 | S13: 13 | T13: 13 | U13: 13 | V13: 13 | W13: 13 | X13: 13 | Y13: 13 | Z13: 13 | AA13: 13 | AB13: 13 | AC13: 13 | AD13: 13 | AE13: 13 | AF13: 12 | AG13: 12 | AH13: 11 | AI13: 11 | AJ13: 11 | AK13: 11 | AL13: 10 | AM13: 10 | AN13: 10 | AO13: 10 | AP13: 10 | AQ13: 10 | AR13: 11.715064 | AS13: 12 | AT13: 12 | AU13: 12 | AV13: 12 | AW13: 12 | AX13: 12 | AY13: 12
... A19: ms_m2 | B19: 27.257522 | C19: 27.071448 | D19: 27.251273 | E19: 27.863477 | F19: 26.807327 | G19: 26.261136 | H19: 26.483149 | I19: 27.435256 | J19: 27.50219 | K19: 27.635504 | L19: 27.032278 | M19: 26.944134 | N19: 27.463072 | O19: 27.268628 | P19: 27.342158 | Q19: 29.664808 | R19: 29.723813 | S19: 30.2618 | T19: 30.938751 | U19: 30.187741 | V19: 30.494638 | W19: 31.448244 | X19: 32.020729 | Y19: 32.641578 | Z19: 33.210773 | AA19: 33.699932 | AB19: 35.402816 | AC19: 37.624081 | AD19: 37.469512 | AE19: 37.603246 | AF19: 37.400198 | AG19: 38.127265 | AH19: 39.073691 | AI19: 41.467302 | AJ19: 41.754478 | AK19: 41.564984 | AL19: 41.802733 | AM19: 42.164098 | AN19: 41.506142 | AO19: 43.33396 | AP19: 41.827275 | AQ19: 41.836266 | AR19: 41.483385 | AS19: 41.508939 | AT19: 41.549712 | AU19: 42.999314 | AV19: 43.083566 | AW19: 44.285751 | AX19: 44.126965 | AY19: 45.042676
A20: m2_gdp | B20: 66.807905 | C20: 64.890918 | D20: 63.914705 | E20: 63.972372 | F20: 61.340932 | G20: 59.890092 | H20: 60.195019 | I20: 60.94822 | J20: 59.74516 | K20: 58.735265 | L20: 56.458211 | M20: 55.316141 | N20: 55.43778 | O20: 53.492847 | P20: 52.165874 | Q20: 55.086272 | R20: 53.773514 | S20: 53.371476 | T20: 53.228219 | U20: 50.956081 | V20: 50.520753 | W20: 51.153183 | X20: 51.018809 | Y20: 50.965337 | Z20: 50.8349 | AA20: 50.272688 | AB20: 51.504073 | AC20: 53.4118 | AD20: 52.552344 | AE20: 52.112875 | AF20: 51.222483 | AG20: 51.408071 | AH20: 51.879237 | AI20: 54.228776 | AJ20: 54.128968 | AK20: 53.418279 | AL20: 53.264136 | AM20: 53.231459 | AN20: 51.924206 | AO20: 53.722193 | AP20: 51.671522 | AQ20: 51.501079 | AR20: 50.887918 | AS20: 50.424252 | AT20: 49.987823 | AU20: 51.238495 | AV20: 51.047245 | AW20: 52.175248 | AX20: 51.696158
A21: bank_ass_credit_nfi | B21: 19.529558 | C21: 19.416876 | D21: 19.59652 | E21: 20.197435 | F21: 20.347007 | G21: 20.624462 | H21: 21.414209 | I21: 22.086713 | J21: 22.574334 | K21: 22.766282 | L21: 22.646107 | M21: 22.082213 | N21: 22.262312 | O21: 22.113327 | P21: 21.969717 | Q21: 21.879234 | R21: 21.81404 | S21: 21.952371 | T21: 22.548925 | U21: 23.042733 | V21: 23.847179 | W21: 24.866557 | X21: 24.700289 | Y21: 25.167582 | Z21: 25.414897 | AA21: 25.665087 | AB21: 26.183586 | AC21: 26.666257 | AD21: 27.068727 | AE21: 27.350021 | AF21: 28.369386 | AG21: 29.161086 | AH21: 30.597119 | AI21: 32.568103 | AJ21: 32.633108 | AK21: 33.596943 | AL21: 34.211064 | AM21: 34.498693 | AN21: 34.961723 | AO21: 35.897765 | AP21: 36.360794 | AQ21: 37.542899 | AR21: 37.668663 | AS21: 38.620522 | AT21: 39.501155 | AU21: 41.397035 | AV21: 41.569578 | AW21: 41.534788 | AX21: 41.997616 | AY21: 42.788942
A22: bank_ass_credit_nfi_yoy | B22: 16.899055 | C22: 17.037026 | D22: 19.610041 | E22: 21.856801 | F22: 22.540258 | G22: 24.790826 | H22: 25.923035 | I22: 29.598733 | J22: 28.146443 | K22: 22.952528 | L22: 20.321428 | M22: 14.729159 | N22: 13.992914 | O22: 13.887147 | P22: 12.110301 | Q22: 8.326797 | R22: 7.2100693 | S22: 6.4385134 | T22: 5.2988937 | U22: 4.3284827 | V22: 5.6384636 | W22: 9.225374 | X22: 9.070797 | Y22: 13.972191 | Z22: 14.161086 | AA22: 16.061627 | AB22: 19.180352 | AC22: 21.879296 | AD22: 24.088555 | AE22: 24.588007 | AF22: 25.812587 | AG22: 26.552205 | AH22: 28.304981 | AI22: 30.971499 | AJ22: 32.1163 | AK22: 33.492928 | AL22: 34.610278 | AM22: 34.418768 | AN22: 33.52534 | AO22: 34.61869 | AP22: 34.327684 | AQ22: 37.268263 | AR22: 32.779266 | AS22: 32.438556 | AT22: 29.100898 | AU22: 27.109139 | AV22: 27.384671 | AW22: 23.626691 | AX22: 22.760333 | AY22: 24.030617
A23: bank_ass_credit_nfi_qoq | B23: 21.88856 | C23: 12.656588 | D23: 7.258491 | E23: 13.679303 | F23: 19.161277 | G23: 20.982143 | H23: 24.097598 | I23: 34.200733 | J23: 37.816677 | K23: 25.255633 | L23: 10.130864 | M23: -8.7199974 | N23: -8.8546759 | O23: -9.4105392 | P23: -2.0377696 | Q23: -6.8829885 | R23: -5.413687 | S23: -0.31582163 | T23: 12.243407 | U23: 22.530308 | V23: 34.525808 | W23: 41.112949 | X23: 28.77361 | Y23: 22.147745 | Z23: 8.8205259 | AA23: 15.624067 | AB23: 16.147819 | AC23: 19.694894 | AD23: 21.876262 | AE23: 17.819333 | AF23: 25.547334 | AG23: 30.919213 | AH23: 47.489504 | AI23: 59.200668 | AJ23: 47.625413 | AK23: 39.217077 | AL23: 20.178779 | AM23: 22.86739 | AN23: 16.248858 | AO23: 19.721123 | AP23: 21.590391 | AQ23: 29.531459 | AR23: 19.732671 | AS23: 24.858948 | AT23: 20.864194 | AU23: 39.591237 | AV23: 30.543927 | AW23: 20.593154 | AX23: 5.8031325 | AY23: 11.733239
A24: bank_ass_credit_nfi_mom | B24: 1.46672 | C24: -0.57697993 | D24: 0.92519186 | E24: 3.0664379 | F24: 0.74054894 | G24: 1.3636181 | H24: 3.8291752 | I24: 3.1404574 | J24: 2.2077557 | K24: 0.85029633 | L24: -0.52786699 | M24: -2.4900235 | N24: 0.81558369 | O24: -0.66922855 | P24: -0.64942441 | Q24: -0.41185332 | R24: -0.29797304 | S24: 0.63413724 | T24: 2.7174931 | U24: 2.189938 | V24: 3.4911081 | W24: 4.2746264 | X24: -0.6686411 | Y24: 1.8918536 | Z24: 0.98267285 | AA24: 0.98441908 | AB24: 2.0202535 | AC24: 1.8434083 | AD24: 1.5092865 | AE24: 1.0391863 | AF24: 3.7271075 | AG24: 2.7906846 | AH24: 4.9244825 | AI24: 6.4417301 | AJ24: 0.19959867 | AK24: 2.9535483 | AL24: 1.8279083 | AM24: 0.84074877 | AN24: 1.3421653 | AO24: 2.6773363 | AP24: 1.2898527 | AQ24: 3.2510443 | AR24: 0.33498532 | AS24: 2.5269254 | AT24: 2.2802219 | AU24: 4.7995553 | AV24: 0.41679942 | AW24: -0.083688606 | AX24: 1.1143131 | AY24: 1.8842162
A25: loan_gdp | B25: 4.7866744e-05 | C25: 4.6542724e-05 | D25: 4.5961367e-05 | E25: 4.6371737e-05 | F25: 4.655833e-05 | G25: 4.703532e-05 | H25: 4.8673544e-05 | I25: 4.9066275e-05 | J25: 4.9039992e-05 | K25: 4.8386438e-05 | L25: 4.729748e-05 | M25: 4.5334648e-05 | N25: 4.493937e-05 | O25: 4.3379695e-05 | P25: 4.1915839e-05 | Q25: 4.0628796e-05 | R25: 3.9463901e-05 | S25: 3.8716482e-05 | T25: 3.879404e-05 | U25: 3.8895503e-05 | V25: 3.9507846e-05 | W25: 4.0447522e-05 | X25: 3.935511e-05 | Y25: 3.929572e-05 | Z25: 3.8901948e-05 | AA25: 3.8286513e-05 | AB25: 3.8091923e-05 | AC25: 3.7855881e-05 | AD25: 3.7964868e-05 | AE25: 3.790333e-05 | AF25: 3.8854083e-05 | AG25: 3.9318718e-05 | AH25: 4.0624654e-05 | AI25: 4.2590867e-05 | AJ25: 4.230436e-05 | AK25: 4.3177952e-05 | AL25: 4.3590996e-05 | AM25: 4.3554015e-05 | AN25: 4.3737133e-05 | AO25: 4.4503357e-05 | AP25: 4.4918479e-05 | AQ25: 4.6215879e-05 | AR25: 4.6208375e-05 | AS25: 4.6915458e-05 | AT25: 4.7523235e-05 | AU25: 4.93292e-05 | AV25: 4.9253407e-05 | AW25: 4.8934202e-05 | AX25: 4.9201557e-05
A26: dc_loan_ind | B26: 10.260892 | C26: 10.333052 | D26: 10.430973 | E26: 10.600693 | F26: 10.868719 | G26: 10.990734 | H26: 11.471142 | I26: 11.807031 | J26: 12.01507 | K26: 12.23684 | L26: 12.173614 | M26: 11.658009 | N26: 11.81202 | O26: 11.852965 | P26: 11.748648 | Q26: 11.781548 | R26: 12.146278 | S26: 12.026465 | T26: 12.538544 | U26: 12.987954 | V26: 13.461295 | W26: 14.038378 | X26: 14.166117 | Y26: 14.492823 | Z26: 14.880693 | AA26: 15.228921 | AB26: 15.556567 | AC26: 15.605194 | AD26: 16.238397 | AE26: 16.564539 | AF26: 17.166982 | AG26: 17.78925 | AH26: 18.590153 | AI26: 19.679857 | AJ26: 19.944185 | AK26: 20.688374 | AL26: 21.153208 | AM26: 21.424289 | AN26: 21.836687 | AO26: 22.224752 | AP26: 22.691449 | AQ26: 23.712338 | AR26: 23.361404 | AS26: 23.934749 | AT26: 24.359942 | AU26: 24.918375 | AV26: 25.378092 | AW26: 25.286843 | AX26: 25.66162 | AY26: 26.12079
A27: dc_loan_ind_yoy | B27: 14.952279 | C27: 15.581722 | D27: 18.98762 | E27: 21.788529 | F27: 24.705252 | G27: 27.0179 | H27: 27.149268 | I27: 31.877299 | J27: 31.04564 | K27: 28.57287 | L27: 25.849438 | M27: 15.998894 | N27: 15.116892 | O27: 14.709232 | P27: 12.632324 | Q27: 11.139411 | R27: 11.754457 | S27: 9.4236723 | T27: 9.3051072 | U27: 10.001867 | V27: 12.036757 | W27: 14.72225 | X27: 16.36739 | Y27: 24.316449 | Z27: 25.979243 | AA27: 28.481951 | AB27: 32.411554 | AC27: 32.454539 | AD27: 33.690309 | AE27: 37.73406 | AF27: 36.91368 | AG27: 36.9673 | AH27: 38.100773 | AI27: 40.186115 | AJ27: 40.787941 | AK27: 42.749094 | AL27: 42.152034 | AM27: 40.681598 | AN27: 40.369577 | AO27: 42.418936 | AP27: 39.739471 | AQ27: 43.151215 | AR27: 36.083349 | AS27: 34.546136 | AT27: 31.036807 | AU27: 26.618682 | AV27: 27.245572 | AW27: 22.227314 | AX27: 21.313132 | AY27: 21.921382
A28: dc_loan_ind_qoq | B28: 31.246091 | C28: 27.287675 | D28: 15.158836 | E28: 13.246441 | F28: 20.736044 | G28: 21.465335 | H28: 32.844985 | I28: 34.532556 | J28: 37.279981 | K28: 26.699978 | L28: 12.419168 | M28: -11.887106 | N28: -13.886587 | O28: -10.535878 | P28: 3.1099198 | Q28: -1.0319146 | R28: 9.8983781 | S28: 9.458696 | T28: 25.701082 | U28: 27.717996 | V28: 47.722418 | W28: 47.847158 | X28: 36.284798 | Y28: 30.651672 | Z28: 24.000362 | AA28: 30.009732 | AB28: 29.359197 | AC28: 19.474927 | AD28: 26.5147 | AE28: 25.91758 | AF28: 40.032499 | AG28: 38.202136 | AH28: 48.914468 | AI28: 58.551353 | AJ28: 48.454766 | AK28: 45.146935 | AL28: 29.946388 | AM28: 29.684927 | AN28: 22.202111 | AO28: 20.262524 | AP28: 23.658384 | AQ28: 34.357788 | AR28: 20.457406 | AS28: 21.916613 | AT28: 10.924341 | AU28: 26.658868 | AV28: 24.121308 | AW28: 15.220087 | AX28: 11.930864 | AY28: 11.706118
A29: dc_loan_ind_mom | B29: 2.0973743 | C29: 0.70325712 | D29: 0.94764776 | E29: 1.6270711 | F29: 2.5283846 | G29: 1.1226274 | H29: 4.3710228 | I29: 2.928121 | J29: 1.7619968 | K29: 1.8457626 | L29: -0.51668099 | M29: -4.235433 | N29: 1.3210733 | O29: 0.34663973 | P29: -0.88009467 | Q29: 0.28002941 | R29: 3.0957773 | S29: -0.98641675 | T29: 4.2579324 | U29: 3.5842309 | V29: 3.6444606 | W29: 4.2869796 | X29: 0.90992974 | Y29: 2.3062468 | Z29: 2.6762927 | AA29: 2.3401293 | AB29: 2.1514741 | AC29: 0.31258369 | AD29: 4.0576367 | AE29: 2.0084621 | AF29: 3.6369452 | AG29: 3.6247975 | AH29: 4.502171 | AI29: 5.8617282 | AJ29: 1.3431409 | AK29: 3.7313563 | AL29: 2.2468405 | AM29: 1.2815116 | AN29: 1.9249102 | AO29: 1.7771209 | AP29: 2.0998997 | AQ29: 4.4990025 | AR29: -1.4799656 | AS29: 2.4542396 | AT29: 1.7764707 | AU29: 2.2924228 | AV29: 1.8448914 | AW29: -0.35955713 | AX29: 1.4820993 | AY29: 1.7893257
A30: loan_ind_gdp | B30: 2.514934e-05 | C30: 2.4768578e-05 | D30: 2.446464e-05 | E30: 2.4338365e-05 | F30: 2.4869968e-05 | G30: 2.5065027e-05 | H30: 2.6073395e-05 | I30: 2.6229662e-05 | J30: 2.6101277e-05 | K30: 2.6007632e-05 | L30: 2.5425178e-05 | M30: 2.3933821e-05 | N30: 2.3844097e-05 | O30: 2.3251952e-05 | P30: 2.2415146e-05 | Q30: 2.1877827e-05 | R30: 2.1973899e-05 | S30: 2.1210575e-05 | T30: 2.1571794e-05 | U30: 2.1923312e-05 | V30: 2.2301454e-05 | W30: 2.2834589e-05 | X30: 2.2570955e-05 | Y30: 2.2628551e-05 | Z30: 2.2777506e-05 | AA30: 2.2718111e-05 | AB30: 2.2631719e-05 | AC30: 2.2153405e-05 | AD30: 2.2774938e-05 | AE30: 2.2956149e-05 | AF30: 2.3511518e-05 | AG30: 2.3985749e-05 | AH30: 2.4682668e-05 | AI30: 2.5736291e-05 | AJ30: 2.5854907e-05 | AK30: 2.6588181e-05 | AL30: 2.6952959e-05 | AM30: 2.7047802e-05 | AN30: 2.7317708e-05 | AO30: 2.755258e-05 | AP30: 2.8031989e-05 | AQ30: 2.9190249e-05 | AR30: 2.8657575e-05 | AS30: 2.9075467e-05 | AT30: 2.9307074e-05 | AU30: 2.9693033e-05 | AV30: 3.0069045e-05 | AW30: 2.9791689e-05 | AX30: 3.0063412e-05
A31: dc_loan_corp | B31: 9.386489 | C31: 9.2921308 | D31: 9.4620122 | E31: 9.8537415 | F31: 9.7440154 | G31: 9.9144141 | H31: 10.201181 | I31: 10.58746 | J31: 10.926279 | K31: 10.935424 | L31: 10.885949 | M31: 10.835534 | N31: 10.865176 | O31: 10.671434 | P31: 10.599398 | Q31: 10.143046 | R31: 10.063642 | S31: 10.32466 | T31: 10.407955 | U31: 10.456846 | V31: 10.782668 | W31: 11.204992 | X31: 10.919576 | Y31: 11.055701 | Z31: 10.907979 | AA31: 10.810789 | AB31: 11.041401 | AC31: 11.465696 | AD31: 11.146196 | AE31: 11.107246 | AF31: 11.52661 | AG31: 11.713304 | AH31: 12.346081 | AI31: 13.180784 | AJ31: 13.0116 | AK31: 13.219895 | AL31: 13.368027 | AM31: 13.357643 | AN31: 13.411835 | AO31: 13.764903 | AP31: 13.698758 | AQ31: 13.861845 | AR31: 14.364974 | AS31: 14.784736 | AT31: 15.250259 | AU31: 16.542714 | AV31: 16.287352 | AW31: 16.419118 | AX31: 16.562056 | AY31: 16.942638
A32: dc_loan_corp_yoy | B32: 16.959487 | C32: 16.965679 | D32: 19.29932 | E32: 23.628687 | F32: 22.095902 | G32: 24.335872 | H32: 26.021698 | I32: 28.584573 | J32: 27.235438 | K32: 19.442461 | L32: 17.960034 | M32: 16.863158 | N32: 15.753357 | O32: 14.843772 | P32: 12.020545 | Q32: 2.93599 | R32: 3.2802312 | S32: 4.1378704 | T32: 2.0269644 | U32: -1.2336672 | V32: -1.3143598 | W32: 2.4650838 | X32: 0.30889755 | Y32: 2.0319016 | Z32: 0.39394356 | AA32: 1.3058736 | AB32: 4.1700828 | AC32: 13.039963 | AD32: 10.757089 | AE32: 7.5797769 | AF32: 10.748076 | AG32: 12.015645 | AH32: 14.499313 | AI32: 17.633145 | AJ32: 19.158477 | AK32: 19.575362 | AL32: 22.552741 | AM32: 23.558444 | AN32: 21.468592 | AO32: 20.052926 | AP32: 22.900742 | AQ32: 24.800014 | AR32: 24.624443 | AS32: 26.221744 | AT32: 23.523073 | AU32: 25.506298 | AV32: 25.175621 | AW32: 24.200065 | AX32: 23.89305 | AY32: 26.838531
A33: dc_loan_corp_qoq | B33: 10.096705 | C33: 2.757727 | D33: 8.1979219 | E33: 19.911705 | F33: 19.452353 | G33: 19.12498 | H33: 14.103861 | I33: 34.624112 | J33: 40.823989 | K33: 28.790514 | L33: 11.277093 | M33: -3.3220787 | N33: -2.5695576 | O33: -7.8823059 | P33: -8.7171147 | Q33: -26.585109 | R33: -22.782017 | S33: -10.368055 | T33: 10.446918 | U33: 15.628715 | V33: 17.74426 | W33: 30.631806 | X33: 17.700553 | Y33: 10.128592 | Z33: -10.602872 | AA33: -3.9850251 | AB33: -0.51738784 | AC33: 20.451713 | AD33: 12.410102 | AE33: 2.3853736 | AF33: 2.1250968 | AG33: 20.351592 | AH33: 44.61359 | AI33: 57.403649 | AJ33: 44.335803 | AK33: 28.310647 | AL33: 5.6823053 | AM33: 10.637961 | AN33: 5.8075987 | AO33: 11.875392 | AP33: 10.214843 | AQ33: 13.421275 | AR33: 17.437692 | AS33: 31.710257 | AT33: 40.064348 | AU33: 60.640284 | AV33: 40.653161 | AW33: 30.658088 | AX33: 0.46769691 | AY33: 16.093127
A34: dc_loan_corp_mom | B34: 1.2349498 | C34: -1.0052552 | D34: 1.8282279 | E34: 4.1400216 | F34: -1.1135482 | G34: 1.7487533 | H34: 2.8924237 | I34: 3.7866111 | J34: 3.2001908 | K34: 0.083698605 | L34: -0.4524254 | M34: -0.46312362 | N34: 0.27356321 | O34: -1.7831519 | P34: -0.67503515 | Q34: -4.3054449 | R34: -0.7828496 | S34: 2.5936751 | T34: 0.80676326 | U34: 0.46974379 | V34: 3.1158757 | W34: 3.9166848 | X34: -2.5472181 | Y34: 1.2466194 | Z34: -1.3361675 | AA34: -0.89099754 | AB34: 2.1331681 | AC34: 3.842761 | AD34: -2.7865685 | AE34: -0.34945125 | AF34: 3.7755919 | AG34: 1.6196726 | AH34: 5.4022133 | AI34: 6.7608718 | AJ34: -1.2835623 | AK34: 1.6008385 | AL34: 1.1205229 | AM34: -0.077681086 | AN34: 0.405701 | AO34: 2.6325165 | AP34: -0.48053585 | AQ34: 1.1905192 | AR34: 3.6295985 | AS34: 2.9221229 | AT34: 3.1486724 | AU34: 8.4749717 | AV34: -1.5436548 | AW34: 0.80901255 | AX34: 0.87055907 | AY34: 2.2979104
A35: loan_corp_gdp | B35: 2.3006187e-05 | C35: 2.2273463e-05 | D35: 2.2192053e-05 | E35: 2.2623423e-05 | F35: 2.2296404e-05 | G35: 2.2610414e-05 | H35: 2.318683e-05 | I35: 2.352035e-05 | J35: 2.3736011e-05 | K35: 2.3241661e-05 | L35: 2.2735828e-05 | M35: 2.2245285e-05 | N35: 2.193277e-05 | O35: 2.0934143e-05 | P35: 2.0222502e-05 | Q35: 1.8835201e-05 | R35: 1.820619e-05 | S35: 1.8209172e-05 | T35: 1.7906248e-05 | U35: 1.765087e-05 | V35: 1.7863748e-05 | W35: 1.822585e-05 | X35: 1.7398222e-05 | Y35: 1.7261958e-05 | Z35: 1.6696571e-05 | AA35: 1.6127256e-05 | AB35: 1.6063048e-05 | AC35: 1.6276901e-05 | AD35: 1.5632943e-05 | AE35: 1.53931e-05 | AF35: 1.578659e-05 | AG35: 1.5793379e-05 | AH35: 1.6392239e-05 | AI35: 1.7237142e-05 | AJ35: 1.686776e-05 | AK35: 1.6989879e-05 | AL35: 1.703325e-05 | AM35: 1.6863797e-05 | AN35: 1.6778212e-05 | AO35: 1.7064695e-05 | AP35: 1.6922826e-05 | AQ35: 1.7064141e-05 | AR35: 1.76216e-05 | AS35: 1.796021e-05 | AT35: 1.8347353e-05 | AU35: 1.9712495e-05 | AV35: 1.9297948e-05 | AW35: 1.9344181e-05 | AX35: 1.9402981e-05
A36: gov_rev_cum_yoy | B36: 54.429782 | C36: 48.187697 | D36: 47.353117 | E36: 37.043534 | F36: 42.39009 | G36: 49.9812 | H36: 36.141192 | I36: 8.615298 | J36: 11.295576 | K36: 12.600221 | L36: 8.9282377 | M36: 11.879675 | N36: 12.665571 | O36: 15.266245 | P36: 17.446491 | Q36: 30.430229 | R36: 25.595117 | S36: 16.388974 | T36: 29.560604 | U36: 34.909155 | V36: 37.48015 | W36: 38.214766 | X36: 36.953604 | Y36: 39.172618 | Z36: 40.716331 | AA36: 40.213903 | AB36: 37.573499 | AC36: 30.747673 | AD36: 117.28418 | AE36: 78.421458 | AF36: 51.258373 | AG36: 44.494194 | AH36: 42.11407 | AI36: 35.154918 | AJ36: 36.510474 | AK36: 30.377002 | AL36: 28.922788 | AM36: 28.723927 | AN36: 28.706146 | AO36: 29.061961 | AP36: -36.711471 | AQ36: -22.890689 | AR36: -16.174044 | AS36: -12.693001 | AT36: -10.590349 | AU36: -6.1173514 | AV36: -6.0692058 | AW36: -2.8795096 | AX36: -2.2617329 | AY36: -1.705211
A37: gov_rev_cum | B37: 11.134817 | C37: 12.235764 | D37: 13.362342 | E37: 14.255235 | F37: 1.0128578 | G37: 2.5805024 | H37: 3.9155463 | I37: 5.2690873 | J37: 6.5154024 | K37: 8.0015194 | L37: 9.440457 | M37: 10.956421 | N37: 12.545105 | O37: 14.103706 | P37: 15.693602 | Q37: 18.593135 | R37: 1.2721 | S37: 3.0034203 | T37: 5.0730054 | U37: 7.1084812 | V37: 8.957385 | W37: 11.059281 | X37: 12.929046 | Y37: 15.248338 | Z37: 17.653011 | AA37: 19.775357 | AB37: 21.590237 | AC37: 24.310092 | AD37: 2.764072 | AE37: 5.3587463 | AF37: 7.6733455 | AG37: 10.271343 | AH37: 12.729704 | AI37: 14.947163 | AJ37: 17.649502 | AK37: 19.880326 | AL37: 22.758754 | AM37: 25.455616 | AN37: 27.787962 | AO37: 31.375081 | AP37: 1.7493405 | AQ37: 4.1320923 | AR37: 6.4322552 | AS37: 8.967601 | AT37: 11.381584 | AU37: 14.032792 | AV37: 16.578317 | AW37: 19.30787 | AX37: 22.244012 | AY37: 25.021544
A38: rev_gdp | B38: 27.29132 | C38: 29.329425 | D38: 31.339825 | E38: 32.728909 | F38: 2.3176367 | G38: 5.8849901 | H38: 8.8998624 | I38: 11.705431 | J38: 14.153919 | K38: 17.006071 | L38: 19.716847 | M38: 22.493465 | N38: 25.323924 | O38: 27.66723 | P38: 29.941691 | Q38: 34.526652 | R38: 2.3013632 | S38: 5.2970072 | T38: 8.7277941 | U38: 11.998922 | V38: 14.839784 | W38: 17.98884 | X38: 20.599922 | Y38: 23.808184 | Z38: 27.021023 | AA38: 29.500367 | AB38: 31.409511 | AC38: 34.511029 | AD38: 3.8767109 | AE38: 7.4264778 | AF38: 10.509244 | AG38: 13.849142 | AH38: 16.901586 | AI38: 19.54712 | AJ38: 22.880165 | AK38: 25.549699 | AL38: 28.998711 | AM38: 32.137284 | AN38: 34.762755 | AO38: 38.896472 | AP38: 2.1610561 | AQ38: 5.0866684 | AR38: 7.8904863 | AS38: 10.893667 | AT38: 13.69301 | AU38: 16.721642 | AV38: 19.642697 | AW38: 22.747563 | AX38: 26.059574
A39: gov_exp_cum_yoy | B39: 15.929464 | C39: 12.828993 | D39: 13.371813 | E39: 11.728152 | F39: 66.305548 | G39: 39.980069 | H39: 40.325735 | I39: 3.5094349 | J39: 4.9682239 | K39: 9.252037 | L39: 11.86545 | M39: 14.259951 | N39: 13.982308 | O39: 14.610534 | P39: 14.758302 | Q39: 16.53834 | R39: -14.216018 | S39: 13.474688 | T39: 8.2531423 | U39: 9.8663703 | V39: 9.7199053 | W39: 10.277679 | X39: 16.658622 | Y39: 17.050585 | Z39: 18.236803 | AA39: 20.840438 | AB39: 20.493441 | AC39: 23.526997 | AD39: 83.56321 | AE39: 35.985699 | AF39: 37.62944 | AG39: 38.726505 | AH39: 41.295235 | AI39: 42.921579 | AJ39: 37.753544 | AK39: 35.395289 | AL39: 34.384208 | AM39: 32.209488 | AN39: 31.741882 | AO39: 35.23117 | AP39: 5.1805489 | AQ39: 22.090268 | AR39: 14.175229 | AS39: 9.7545086 | AT39: 9.2348482 | AU39: 8.2264631 | AV39: 10.653318 | AW39: 11.556706 | AX39: 11.283821 | AY39: 11.325919
A40: gov_exp_cum | B40: 10.944579 | C40: 12.202827 | D40: 13.561359 | E40: 15.59813 | F40: 1.3046868 | G40: 2.4361304 | H40: 3.822679 | I40: 5.108598 | J40: 6.4787474 | K40: 8.1918967 | L40: 9.4969273 | M40: 10.927611 | N40: 12.474884 | O40: 13.985725 | P40: 15.562786 | Q40: 18.177802 | R40: 1.1192123 | S40: 2.7643914 | T40: 4.1381701 | U40: 5.6126312 | V40: 7.1084755 | W40: 9.0338335 | X40: 11.078985 | Y40: 12.790833 | Z40: 14.749904 | AA40: 16.900411 | AB40: 18.752136 | AC40: 22.454492 | AD40: 2.054462 | AE40: 3.759177 | AF40: 5.6953403 | AG40: 7.7862071 | AH40: 10.043937 | AI40: 12.911298 | AJ40: 15.261694 | AK40: 17.318185 | AL40: 19.821542 | AM40: 22.343947 | AN40: 24.704417 | AO40: 30.365473 | AP40: 2.1608944 | AQ40: 4.5895892 | AR40: 6.5026679 | AS40: 8.5457133 | AT40: 10.971479 | AU40: 13.973441 | AV40: 16.887571 | AW40: 19.319597 | AX40: 22.058169 | AY40: 24.874605
A41: exp_gdp | B41: 26.82505 | C41: 29.250473 | D41: 31.806597 | E41: 35.812091 | F41: 2.9854042 | G41: 5.5557412 | H41: 8.6887792 | I41: 11.348899 | J41: 14.07429 | K41: 17.410691 | L41: 19.834788 | M41: 22.434318 | N41: 25.182175 | O41: 27.435786 | P41: 29.692108 | Q41: 33.755395 | R41: 2.0247732 | S41: 4.8754419 | T41: 7.1194674 | U41: 9.473968 | V41: 11.776678 | W41: 14.694281 | X41: 17.652209 | Y41: 19.971127 | Z41: 22.57731 | AA41: 25.211597 | AB41: 27.280637 | AC41: 31.876788 | AD41: 2.8814572 | AE41: 5.209697 | AF41: 7.8002119 | AG41: 10.498363 | AH41: 13.335617 | AI41: 16.884722 | AJ41: 19.784698 | AK41: 22.256899 | AL41: 25.256179 | AM41: 28.208855 | AN41: 30.905238 | AO41: 37.644835 | AP41: 2.6694712 | AQ41: 5.6498541 | AR41: 7.9768619 | AS41: 10.381166 | AT41: 13.199619 | AU41: 16.650918 | AV41: 20.009113 | AW41: 22.761379 | AX41: 25.841854
A42: ex_cum_yoy | B42: 24.435748 | C42: 25.682791 | D42: 28.805363 | E42: 22.052796 | F42: -15.669732 | G42: -11.566219 | H42: -2.917132 | I42: 12.12302 | J42: 22.857361 | K42: 29.114786 | L42: 36.339685 | M42: 37.841591 | N42: 39.265868 | O42: 33.033025 | P42: 26.217223 | Q42: 35.614075 | R42: 99.711926 | S42: 90.095033 | T42: 93.816197 | U42: 81.607606 | V42: 54.412153 | W42: 42.501883 | X42: 34.553961 | Y42: 28.979243 | Z42: 26.644167 | AA42: 24.630205 | AB42: 23.927692 | AC42: 21.084528 | AD42: 22.94098 | AE42: -0.14351309 | AF42: -2.7935823 | AG42: -2.8863282 | AH42: 0.79590562 | AI42: 4.2538586 | AJ42: 6.5220549 | AK42: 6.2110786 | AL42: 4.3064259 | AM42: 5.8779439 | AN42: 5.6839015 | AO42: 3.944373 | AP42: -23.075884 | AQ42: -10.50578 | AR42: -17.65184 | AS42: -14.066788 | AT42: -14.653588 | AU42: -16.545441 | AV42: -16.342916 | AW42: -13.806587 | AX42: -9.1155408 | AY42: -7.3943414
A43: ex_cum | B43: 6.4047494 | C43: 7.523529 | D43: 8.829797 | E43: 9.2471097 | F43: 0.53962323 | G43: 1.1801984 | H43: 1.9420492 | I43: 2.7993464 | J43: 4.0837342 | K43: 5.308295 | L43: 6.464713 | M43: 7.7560919 | N43: 8.9196299 | O43: 10.008778 | P43: 11.144725 | Q43: 12.540382 | R43: 1.0776919 | S43: 2.2434985 | T43: 3.7640059 | U43: 5.0838259 | V43: 6.3057819 | W43: 7.5644203 | X43: 8.6985274 | Y43: 10.003749 | Z43: 11.296191 | AA43: 12.473961 | AB43: 13.8114 | AC43: 15.184463 | AD43: 1.324925 | AE43: 2.2402788 | AF43: 3.6588553 | AG43: 4.93709 | AH43: 6.35597 | AI43: 7.8862 | AJ43: 9.2658501 | AK43: 10.625089 | AL43: 11.782653 | AM43: 13.207173 | AN43: 14.596426 | AO43: 15.783395 | AP43: 1.0191869 | AQ43: 2.00492 | AR43: 3.013 | AS43: 4.2426 | AT43: 5.4245923 | AU43: 6.5813934 | AV43: 7.75154 | AW43: 9.1581271 | AX43: 10.708601 | AY43: 12.23059
A44: ex_gdp | B44: 44.726669 | C44: 51.376394 | D44: 59.005048 | E44: 60.493322 | F44: 3.5194271 | G44: 7.7131495 | H44: 13.015067 | I44: 19.178123 | J44: 27.686268 | K44: 35.358956 | L44: 42.775118 | M44: 50.942804 | N44: 60.012465 | O44: 66.542702 | P44: 72.712191 | Q44: 80.214228 | R44: 6.8071546 | S44: 13.935211 | T44: 22.782563 | U44: 29.82623 | V44: 36.015509 | W44: 42.235992 | X44: 47.878035 | Y44: 54.243011 | Z44: 59.817513 | AA44: 64.1606 | AB44: 68.974323 | AC44: 73.521267 | AD44: 6.3207994 | AE44: 10.499805 | AF44: 16.91738 | AG44: 22.480275 | AH44: 28.535887 | AI44: 34.869314 | AJ44: 40.609975 | AK44: 46.167072 | AL44: 50.758582 | AM44: 56.768396 | AN44: 62.408949 | AO44: 66.928376 | AP44: 4.3415318 | AQ44: 8.5557716 | AR44: 12.890434 | AS44: 18.403392 | AT44: 23.32447 | AU44: 28.083403 | AV44: 32.948781 | AW44: 38.76493 | AX44: 45.096447
A45: ex_coal_vol_cum | B45: 12.3961 | C45: 13.80238 | D45: 15.49833 | E45: 16.11759 | F45: 0.62328 | G45: 1.29645 | H45: 2.52192 | I45: 3.79115 | J45: 5.72345 | K45: 8.08031 | L45: 11.05195 | M45: 14.87054 | N45: 19.04727 | O45: 23.14647 | P45: 27.19006 | Q45: 31.82157 | R45: 3.63341 | S45: 8.03481 | T45: 14.15113 | U45: 19.6189 | V45: 23.89412 | W45: 29.52002 | X45: 35.41985 | Y45: 42.64094 | Z45: 48.92871 | AA45: 54.3973 | AB45: 62.35063 | AC45: 69.61251 | AD45: 6.82101 | AE45: 10.94404 | AF45: 18.13361 | AG45: 25.02597 | AH45: 32.54189 | AI45: 40.62067 | AJ45: 47.54181 | AK45: 55.40301 | AL45: 61.219 | AM45: 68.48926 | AN45: 77.37531 | AO45: 83.755 | AP45: 5.83421 | AQ45: 11.52645 | AR45: 17.53319 | AS45: 24.96466 | AT45: 31.77728 | AU45: 37.87507 | AV45: 44.41265 | AW45: 52.93035 | AX45: 62.61679 | AY45: 69.73432
A46: ex_coal_cum | B46: 1.5134744 | C46: 1.9723692 | D46: 2.5924735 | E46: 2.7740732 | F46: 0.14360085 | G46: 0.3261859 | H46: 0.67517258 | I46: 1.0643026 | J46: 1.7049043 | K46: 2.3497485 | L46: 3.095549 | M46: 3.8660822 | N46: 4.5067261 | O46: 5.1134844 | P46: 5.7447034 | Q46: 6.5032482 | R46: 0.57202582 | S46: 1.2848166 | T46: 2.2723134 | U46: 3.1028451 | V46: 3.6820796 | W46: 4.3937493 | X46: 5.0378441 | Y46: 5.8234395 | Z46: 6.5186939 | AA46: 7.1590872 | AB46: 8.0552796 | AC46: 8.8984519 | AD46: 0.81301771 | AE46: 1.350754 | AF46: 2.2336619 | AG46: 3.0137671 | AH46: 3.8550831 | AI46: 4.7253051 | AJ46: 5.4214154 | AK46: 6.194631 | AL46: 6.7366623 | AM46: 7.4084307 | AN46: 8.1815474 | AO46: 8.6979768 | AP46: 0.47282087 | AQ46: 0.90483174 | AR46: 1.3421849 | AS46: 1.8364654 | AT46: 2.2834169 | AU46: 2.6528229 | AV46: 3.0204925 | AW46: 3.4901572 | AX46: 4.0643693 | AY46: 4.4872354
A47: ex_coal_p | B47: 207.48803 | C47: 326.31826 | D47: 365.63831 | E47: 293.25275 | F47: 230.39541 | G47: 271.23171 | H47: 284.77782 | I47: 306.58748 | J47: 331.52291 | K47: 273.60309 | L47: 250.9727 | M47: 201.78473 | N47: 153.38408 | O47: 148.01872 | P47: 156.10362 | Q47: 163.77914 | R47: 157.43498 | S47: 161.94638 | T47: 161.45277 | U47: 151.89587 | V47: 135.48647 | W47: 126.49882 | X47: 109.17176 | Y47: 108.7918 | Z47: 110.5725 | AA47: 117.10391 | AB47: 112.68314 | AC47: 116.10747 | AD47: 119.19316 | AE47: 130.4226 | AF47: 122.80399 | AG47: 113.18405 | AH47: 111.93786 | AI47: 107.71701 | AJ47: 100.5774 | AK47: 98.358466 | AL47: 93.19674 | AM47: 92.399504 | AN47: 87.00341 | AO47: 80.948983 | AP47: 81.042827 | AQ47: 75.860587 | AR47: 72.810406 | AS47: 66.5118 | AT47: 65.606403 | AU47: 60.580312 | AV47: 56.237259 | AW47: 55.139848 | AX47: 59.279989 | AY47: 59.411924
A48: im_cum_yoy | B48: 30.509487 | C48: 27.228997 | D48: 26.630678 | E48: 29.367602 | F48: 21.2949 | G48: 12.515152 | H48: 10.959609 | I48: 19.788776 | J48: 20.589987 | K48: 21.066236 | L48: 24.086717 | M48: 25.163263 | N48: 23.989852 | O48: 26.578733 | P48: 27.203924 | Q48: 27.096977 | R48: 23.622956 | S48: 15.465283 | T48: 14.724734 | U48: 13.238987 | V48: 10.378054 | W48: 8.2447684 | X48: 5.4826261 | Y48: 6.1959443 | Z48: 6.2777209 | AA48: 5.7942183 | AB48: 6.408708 | AC48: 6.2964986 | AD48: 36.046168 | AE48: 33.191767 | AF48: 24.470804 | AG48: 28.787388 | AH48: 26.923088 | AI48: 25.851528 | AJ48: 27.615154 | AK48: 26.147738 | AL48: 27.427021 | AM48: 26.723543 | AN48: 26.162866 | AO48: 25.50668 | AP48: 3.9709912 | AQ48: 7.206769 | AR48: 5.5387409 | AS48: 3.8876663 | AT48: 3.2973028 | AU48: 2.7851488 | AV48: 1.0867332 | AW48: -0.33273289 | AX48: -0.86484717 | AY48: -2.2345463
A49: im_cum | B49: 5.1265698 | C49: 5.6451512 | D49: 6.1879464 | E49: 6.8486425 | F49: 0.55652618 | G49: 1.0376982 | H49: 1.690686 | I49: 2.3493403 | J49: 3.1372659 | K49: 3.9481179 | L49: 4.7626786 | M49: 5.5997322 | N49: 6.3564264 | O49: 7.1455608 | P49: 7.8713107 | Q49: 8.7044176 | R49: 0.68799411 | S49: 1.1981812 | T49: 1.939635 | U49: 2.6603692 | V49: 3.462853 | W49: 4.2736311 | X49: 5.0237985 | Y49: 5.9466885 | Z49: 6.7554651 | AA49: 7.5595902 | AB49: 8.37576 | AC49: 9.2524911 | AD49: 0.93598963 | AE49: 1.5958787 | AF49: 2.4142793 | AG49: 3.42622 | AH49: 4.39516 | AI49: 5.37843 | AJ49: 6.4111281 | AK49: 7.5016131 | AL49: 8.6082879 | AM49: 9.5797805 | AN49: 10.567099 | AO49: 11.612494 | AP49: 0.97315769 | AQ49: 1.71089 | AR49: 2.548 | AS49: 3.55942 | AT49: 4.5400817 | AU49: 5.5282273 | AV49: 6.4808 | AW49: 7.4766528 | AX49: 8.5338394 | AY49: 9.3657159
A50: im_gdp | B50: 35.800681 | C50: 38.549397 | D50: 41.350903 | E50: 44.802879 | F50: 3.6296683 | G50: 6.7818443 | H50: 11.330502 | I50: 16.095164 | J50: 21.269549 | K50: 26.298713 | L50: 31.513253 | M50: 36.779613 | N50: 42.766888 | O50: 47.50679 | P50: 51.355262 | Q50: 55.67758 | R50: 4.3456595 | S50: 7.4423532 | T50: 11.740114 | U50: 15.608084 | V50: 19.778105 | W50: 23.861848 | X50: 27.651761 | Y50: 32.244542 | Z50: 35.772688 | AA50: 38.883227 | AB50: 41.828661 | AC50: 44.799404 | AD50: 4.4653113 | AE50: 7.4796117 | AF50: 11.162858 | AG50: 15.600762 | AH50: 19.732596 | AI50: 23.781056 | AJ50: 28.098421 | AK50: 32.595256 | AL50: 37.08371 | AM50: 41.176773 | AN50: 45.181027 | AO50: 49.241966 | AP50: 4.1454568 | AQ50: 7.3010315 | AR50: 10.901038 | AS50: 15.439919 | AT50: 19.521282 | AU50: 23.589448 | AV50: 27.54736 | AW50: 31.64751 | AX50: 35.938014
A51: fx_reserve | B51: 4.1809 | C51: 4.2012 | D51: 4.1652 | E51: 4.3661 | F51: 3.9451 | G51: 3.6849 | H51: 3.3186 | I51: 3.3148 | J51: 3.1263 | K51: 3.0972 | L51: 2.8786 | M51: 2.6956 | N51: 2.7946 | O51: 2.786 | P51: 2.9352 | Q51: 3.3996 | R51: 3.55959 | S51: 3.39473 | T51: 3.43846 | U51: 3.69126 | V51: 3.89687 | W51: 3.81783 | X51: 3.82742 | Y51: 3.93333 | Z51: 4.12445 | AA51: 3.97736 | AB51: 4.29947 | AC51: 4.92147 | AD51: 4.84909 | AE51: 4.97051 | AF51: 5.24982 | AG51: 4.98538 | AH51: 5.18338 | AI51: 4.8388 | AJ51: 4.737 | AK51: 4.70426 | AL51: 4.66273 | AM51: 4.70125 | AN51: 4.96496 | AO51: 5.50982 | AP51: 4.88428 | AQ51: 4.7634 | AR51: 4.99597 | AS51: 5.13539 | AT51: 5.19373 | AU51: 5.20607 | AV51: 5.37975 | AW51: 5.68343 | AX51: 5.87452 | AY51: 5.91103

Sheet q
B1: 21Q2 | C1: 21Q3 | D1: 21Q4 | E1: 22Q1 | F1: 22Q2 | G1: 22Q3 | H1: 22Q4 | I1: 23Q1 | J1: 23Q2 | K1: 23Q3 | L1: 23Q4 | M1: 24Q1 | N1: 24Q2 | O1: 24Q3 | P1: 24Q4 | Q1: 25Q1 | R1: 25Q2 | S1: 25Q3
A2: gdp_q1 | B2: 0.61412413 | C2: -0.62749692 | D2: -3.3634438 | E2: -3.8095553 | F2: 6.4480186 | G2: 7.1405803 | H2: 8.0921564 | I2: 7.9735216 | J2: 5.7571959 | K2: 8.1776862 | L2: 7.9261416 | M2: 8.0708416 | N2: 4.1146058 | O2: 4.3790902 | P2: 4.8385235 | Q2: 2.6420538 | R2: 7.7860305 | S2: 6.4908635
A3: gdp_q2 | B3: 6.2939493 | C3: -0.00380122 | D3: -2.0687363 | E3: -3.5460817 | F3: 2.0191391 | G3: 6.7905403 | H3: 7.6352236 | I3: 8.04372 | J3: 6.6594587 | K3: 6.9582269 | L3: 8.0463745 | M3: 7.9851816 | N3: 5.745026 | O3: 4.2473374 | P3: 4.6186573 | Q3: 3.9416177 | R3: 5.6194993 | S3: 7.1352288
A4: gdp_q3 | B4: 4.2109568 | C4: 3.7126293 | D4: -1.2015146 | E4: -2.5343788 | F4: -0.046731821 | G4: 3.8492263 | H4: 7.2444129 | I4: 7.7245292 | J4: 7.1910911 | K4: 7.219174 | L4: 7.298406 | M4: 8.0528484 | N4: 6.5611781 | O4: 5.2369533 | P4: 4.4563287 | Q4: 4.0955703 | R4: 5.3235225 | S4: 5.9409693
A5: gdp_q4 | B5: 2.3631234 | C5: 2.9320128 | D5: 1.6367695 | E5: -1.7183099 | F5: -0.19563217 | G5: 1.7873859 | H5: 5.0327097 | I5: 7.385815 | J5: 7.1781969 | K5: 7.4560996 | L5: 7.4221129 | M5: 7.4490307 | N5: 6.9736908 | O5: 5.9711134 | P5: 5.1220452 | Q5: 4.1004983 | R5: 5.0798026 | S5: 5.6344443
A6: hh_inc | B6: 1542867 | C6: 1636403 | D6: 1642915 | E6: 1785809 | F6: 1787503 | G6: 1814676 | H6: 1846967 | I6: 1923492 | J6: 2023582 | K6: 2240461 | L6: 2308110 | M6: 2423344 | N6: 2509331 | O6: 2617237 | P6: 2641671 | Q6: 2817611 | R6: 2951287 | S6: 2971516
A7: hh_exp_inc | B7: 104.50777 | C7: 109.47714 | D7: 107.61802 | E7: 102.852 | F7: 98.690061 | G7: 98.489183 | H7: 98.396015 | I7: 98.897597 | J7: 92.885195 | K7: 97.321347 | L7: 99.940982 | M7: 98.065554 | N7: 95.895716 | O7: 97.044688 | P7: 97.075182 | Q7: 98.651357 | R7: 98.841911 | S7: 96.048226
A8: hh_inc_yoy | B8: 3.9107624 | C8: 8.1784876 | D8: 15.324814 | E8: 23.153721 | F8: 15.855936 | G8: 10.894199 | H8: 12.420119 | I8: 7.7098391 | J8: 13.207195 | K8: 23.463417 | L8: 24.967582 | M8: 25.986695 | N8: 24.004414 | O8: 16.816896 | P8: 14.451694 | Q8: 16.269543 | R8: 17.612503 | S8: 13.536374
A9: hh_exp_yoy | B9: -4.2620165 | C9: -2.4253573 | D9: 4.7865203 | E9: 18.957297 | F9: 22.68556 | G9: 23.266125 | H9: 22.956511 | I9: 12.016599 | J9: 20.282085 | K9: 24.944953 | L9: 23.035734 | M9: 27.055636 | N9: 20.111458 | O9: 17.149923 | P9: 17.830475 | Q9: 15.579122 | R9: 14.10681 | S9: 14.714269
